Sentiment,Text Tweet,clean_tweets
1,"Undang @N_ShaniJKT48 ke hitamputih, pemenang SSK JKT48 harusnya mJKT48 ini lebih Layak di Undang karena prestasinya",undang hitamputih menang ssk jkt mjkt layak undang prestasi
1,Selamat berbuka puasa Semoga amal ibadah hari ni diterima Allah #hitamputih,selamat buka puasa moga amal ibadah ni terima allah
1,"Ada nih di trans7 hitam putih, dia dpt penghargaan juga di norwegia #hitamputih",nih trans hitam putih dpt harga norwegia
1,selamat ya mas @adietaufan masuk hitamputih,selamat ya mas masuk hitamputih
1,Asiknya nonton Hitam Putih Trans7,asiknya nonton hitam putih trans
1,@TRANS7 acara paling komplit dan menarik apalagi ada hitam putih,acara komplit tarik hitam putih
1,hitam putih T7 inspiratif banget,hitam putih t inspiratif
1,Suka banget dengan acara hitam putih,suka acara hitam putih
1,Keren lu bro #HitamPutihTrans7,keren lu bro
1,"Tadi ada yg liat hitam putih di trans7 ga, Ada sanggu ganteng",liat hitam putih trans sanggu ganteng
1,cinta mengikat silaturahmi di hati ... #LunaMaya #hitamputihtrans7 .... https://www.instagram.com/p/BTqszJ3jO9A/,cinta ikat silaturahmi hati
1,Terima kasih pak.... Sudah mau membantu kami untuk menyekolahkan adik saya.... #hitamputihtrans7,terima kasih bantu sekolah adik
1,Semoga lancar hitamputihtrans7,moga lancar hitamputihtrans
1,Trans7 Hitam Putih terbaik https://www.instagram.com/p/BTYyTXMgVKd/,trans hitam putih
1,Acara hitam putih paling bagus buat di lihat,acara hitam putih bagus lihat
1,"@TRANS7 undang @DA3_Rafly di acara hitam putih ya,dia jebolan dangdut academi pinter nyanyi lagu india suaranya keren",undang acara hitam putih ya jebol dangdut academi pinter nyanyi lagu india suara keren
1,"Bagus Rancangan Seperti ini di TRANS7 HitamPutih, Sambil2 Dakwah Hiburannya. Terima kasih Ustadz Wijayanto...",bagus rancang trans hitamputih dakwah hibur terima kasih ustadz wijayanto
1,"Wah kapan Rihanna bisa jadi bintang tamu Hitam Putih kayak di @ASAL_Trans7. jadi kangen, kapan tayang lagi di @TRANS7?",rihanna bintang tamu hitam putih kayak kangen tayang
1,Terimakasih telah menonton Hitam Putih malam ini. Semoga dapat menginspirasi dan dapat memberikan pelajaran utk Sobat7. #RafatharonHP,terimakasih tonton hitam putih malam moga inspirasi ajar utk sobat
1,Acara hitam putih di trans7 topiknya bagus nih. Ttg Kepribadian ganda.,acara hitam putih trans topik bagus nih ttg pribadi ganda
1,Nonton kisah anastasya wella di #hitamputihtrans7 seru bgt ya kisahnya. Punya 9 kepribadian berbeda.,nonton kisah anastasya wella seru bgt ya kisah pribadi beda
1,Yang bikin selalu rindu kalau jauh dari nya... #hitamputihtrans7,bikin rindu nya
1,@HitamPutih wihh hebat kakek neneknya @TRANS7,wihh hebat kakek nenek
1,Setelah menunggu sekian lama. Akhirnya @yukikatou2 nongol juga di HITAM PUTIH TRANS7,tunggu sekian nongol hitam putih trans
1,makin asik hitam putih,asik hitam putih
1,"Spensa Boys asal poso di hitam putih trans7 ASLI KALIAN KEREN!! yang pake kemeja biru putih, si gingsul ada salam dari sini",spensa boys poso hitam putih trans asli keren pake kemeja biru putih si gingsul salam
1,Wahh asik nih vocalgrup #HitamPutih... thanks @TRANS7,wahh asik nih vocalgrup thanks
1,setiap hari aku slalu nonton Hitam Putih di Trans7. Hbs acara nya bagus banget mas Dedy.,slalu nonton hitam putih trans hbs acara nya bagus mas dedy
1,Acara Hitam Putih di Trans7 malam ini pembahasannya MANTAB! Setuju kalau bakal diperbanyak yang mengulas hal semacam ini,acara hitam putih trans malam bahas mantab tuju ulas
1,lg seru nonton hitam putih.. terus lanjut nonton on the spot @indahmariana19 @hitamputiht7 @trans7,lg seru nonton hitam putih nonton on the spot
1,#HPJkt48 #JKT48HitamPutihT7 trio unyu di acara master Dedy.. Thanks #HitamPutih,trio unyu acara master dedy thanks
1,perusahaan jujur pasti punya pekerja yg jujur. #hitamPutihT7,usaha jujur kerja jujur
1,"Keren, undang mereka dong di acara HitamPutih atau acara presiden @news_trans7",keren undang acara hitamputih acara presiden
1,Suka banget sama episode Hitam Putih malam ini! #HitamPutih_Trans7,suka episode hitam putih malam trans
1,"Kangen jeketi jadi bintang tamu Hitam Putih Trans7, seru aja gitu pas jaman gen 1 diundang ke hitam putih",kangen jeket bintang tamu hitam putih trans seru gitu pas jaman gen undang hitam putih
1,Terima kasih telah menyaksikan Hitam Putih hari ini. Semoga menginspirasi dan terhibur,terima kasih saksi hitam putih moga inspirasi hibur
1,makin ok saja hitam putih... mau donk di undang.....,ok hitam putih donk undang
1,Sangat menginspirasi. #hitamputihtrans7 #FOCUS Hari ini banyak inspirasi buat saya,inspirasi inspirasi
1,seru nih hitam putih trans7 live,seru nih hitam putih trans live
1,Bersyukurlah kita hidup di Indonesia #hitamputihtrans7,syukur hidup indonesia
1,"Setuju banget sama ucapan deddy corbuzier di Hitam Putih Trans7 hr ini. Guru tak perlu diberikan tanda jasa, cukup naikan gaji",tuju deddy corbuzier hitam putih trans hr guru tanda jasa gaji
1,selamat siang selamat beraktivitas juga kami selalu menunggu hitam putih di chaenel kesayangan trans7,selamat siang selamat aktivitas tunggu hitam putih chaenel sayang trans
1,Ada @Stefan0Lilipaly & @andik_vermansah di #HitamPutihT7 Keren.. !!!,keren
1,"nonton trans7 hitam putih keren abis jesika cantik, dedy ganteng @hitamputihtrans7",nonton trans hitam putih keren abis jesika cantik dedy ganteng
1,acara hitam putih memang oke,acara hitam putih oke
1,"Yuk tweeps merapat, sebentar lagi Hitam Putih akan LIVE!",yuk tweeps rapat sebentar hitam putih live
1,"Tweeps terima kasih sudah menyaksikan Hitam Putih hari ini, besok kembali Live di @TRANS7 #HPViral",tweeps terima kasih saksi hitam putih besok live
1,#hitamputihtrans7 emang selalu keren.. siapapun tamunya..,emang keren tamu
1,"subhanallah, ni anak2 karunia yg tak ada bandingnya... trans7 hitamputih",subhanallah ni anak karunia banding trans hitamputih
1,"Sangat terkesan setelah mendengar salah satu dr mereka, jika saya adalah orang yg... maju terus hitam putih semoga sukses slalu",kes dengar salah dr orang maju hitam putih moga sukses slalu
0,"Hitam putih bego, haruka diundang bentar biar pd liat younglex, udah gt malah dihina, Bego",hitam putih bego haruka undang bentar biar pd liat younglex udah gt hina bego
0,"Miris liat pemerintah, Juara angkat berat se-asia tp tdk ada biaya mengikuti kejurnas.. #miris #hitamputihtrans7 ",miris liat perintah juara angkat berat asia tp tdk biaya kejurnas
0,"Juara 1 angkat berat Se-Asia, tdk menerima hadiahnya dan tidak bisa ikut kejurnas karena terkendala biaya #hitamputihtrans7",juara angkat berat asia tdk terima hadiah kejurnas kendala biaya
0,"haruka lain kali kalau diundang ke hitam putih ditolak aja, hostnya ga menghargai kamu",haruka kali undang hitam putih tolak hostnya harga
0,Berasa aneh nonton acara Hitam Putih tapi penonton nya anak yg sekolah di sekolah gua #smkjakarta1,asa aneh nonton acara hitam putih tonton nya anak sekolah sekolah gua
0,"sedih dengar curhatanmu, Roxana. Semoga Tuhan tunjukkan jalan dan titik terang utk Roxana #hitamputih #pegulat",sedih dengar curhatanmu roxana moga tuhan jalan titik terang utk roxana
0,Miris ketika anak Indonesia kesulitan menggunakan Bahasa Indonesa dan lebih nyaman menggunakan bahasa asing #HitamPutihTrans7 #AkuIndonesia,miris anak indonesia sulit bahasa indonesa nyaman bahasa asing
0,"Sombongnya mentang2 kaya pake diumumkan, saya host kaya di Hitam Putih Trans7...!!!",sombong mentang kaya pake host kaya hitam putih trans
0,parah banget hitam putih di Trans7. Ngomong sembarang. Yg merusak generasi muda acara kyk gini,parah hitam putih trans ngomong sembarang rusak generasi muda acara kyk gin
0,Orang bangkrut itu bukan perkara soal uang tetapi bangkrut itu orang yang sudah tidak punya mimpi -BangQomar #HitamPutihT7,orang bangkrut perkara uang bangkrut orang mimpi bangqomar
0,Menakutkan Powernya Oma Martha #HitamPutihT7,takut powernya oma martha
0,"#hitamputihT7 jika hasilnya tdk sesuai dgn apa yg dikehendaki para pendemo akan demo lg, silakah jika ini diartikan sbg pemaksaan kehendak",hasil tdk sesuai dgn demo demo lg sila arti sbg paksa
0,mulut farhat abas anjay bener di #HitamPutihT7,mulut farhat abas anjay bener
0,Klo episode berikutnya muncul lagi di @HitamPutihT7 saya ga bakal nonton lg hitam putih.. #hitamputiht7,klo episode muncul nonton lg hitam putih
0,Yaampun banyak anak kecil yang nonton #hitamputihT7,yaampun anak nonton
0,Seorang anak yg butuh pengakuan dari sang ayah #hitamPutihT7 @marioteguh,anak butuh sang ayah
0,Mario Teguh mencampakkan anak nya ? #HitamPutihT7,mario teguh campak anak nya
0,"Orang tuna netra aja bisa berbagi, kok yg pegang jabatan tinggi korupsi #HitamPutihT7",orang tuna netra pegang jabat korupsi
0,@pandji garing banget sih ni orang #hitamputiht7,garing sih ni orang
0,"kalo sekarang yang nyanyi anak2,, tapi lagu Na ... Terlalu Menyakitkan Memalukan untuk disebutkan #savelaguanak #HitamputihT7",kalo nyanyi anak lagu na sakit malu
0,bukan maksud ngatain tp cuma bertanya knp hanya orang kecil atau bawah yg ditindes? @HitamPutihT7 #HitamPutihT7,maksud ngatain tp knp orang ditindes
0,"Bos kau kalo cowo kerja salah di bentak abis, kalo cewe malah diajakin becanda trus ketawa #MyStupidBoss #HitamPutihT7",bos kau kalo cowo kerja salah bentak abis kalo cewe diajakin becanda trus ketawa
0,suara sang veteran kalau perlu koruptor di hukum mati! #hitamPutihT7,suara sang veteran koruptor hukum mati
0,Kok berita nya ga nyebar sih #HitamPutihT7 #Trans7,berita nya nyebar sih
0,"@HitamPutihT7 buta tuh orang, dalem ruangan pake kacamata hitam #HitamPutihT7",buta tuh orang dalem ruang pake kacamata hitam
0,Ya dunia jadi terharu kepergian mbak jupe @hitamputih_trans7,ya dunia haru pergi mbak jupe
0,jadi gitu nasib atlet kita ya? @KEMENPORA_RI #HitamputihT7,gitu nasib atlet ya
0,knp ya seorang sahabat bs lupa dg sahabatnya bila sudah bertemu teman lama / barunya? #HitamPutihT7,knp ya sahabat bs lupa dg sahabat temu teman
0,"Baby tatan nangis ngeliat daddy, @HitamPutihT7 #hitamputiht7",baby tatan nang ngeliat daddy
0,angkat topi dan tundukkan kepala buat mbah simpen #hitamputihtrans7,angkat topi tunduk kepala mbah simpen
0,toleransi umat beragama macam apa yg diterapkan di Serang Banten? Toleransi hanya mitos #hitamPutihT7,toleransi umat agama terap serang banten toleransi mitos
0,suara sang veteran : kalau perlu koruptor di hukum mati! #hitamPutihT7,suara sang veteran koruptor hukum mati
0,Turut berduka buat anak nya buk pak #HitamPutihT7,duka anak nya buk
0,ingin kan hal yg baik tetapi belum tentu semua itu sesuatu yg diharapkan? #moreppie #hitamputihT7,harap
0,ga tau kenapa semua menjadi buruk ketika kau pergi #moreppie #hitamputihT7,tau buruk kau pergi
0,#HitamPutihT7 udah sodok ajah bu haha #TributeToWanitaIndonesia,udah sodok ajah bu haha
0,butuh ketegasan dari pihak masyarakat dan pemerintah kita butuh tindakan bukan hanya ngoceh di medsos #HitamPutihT7 #PollingHitamPutih,butuh masyarakat perintah butuh tindak ngoceh medsos
0,hidup itu harus dijalanin bukan dipikirin #hitamputiht7,hidup dijalanin dipikirin
0,Pemimpin itu adalah pribadi yang dikorbankan #HitamPutihT7,pimpin pribadi korban
0,"Hidup ini dijalanin, bukan dipikirin. Mongol Stres #hitamputiht7",hidup dijalanin dipikirin mongol stres
0,"#HitamPutihT7 Demo gak akan nyelesaikan masalah, harusnya bermusyawara ajha #HitamPutihT7",demo gak nyelesaikan bermusyawara ajha
0,#hitamputihT7 bayangkan kalau seluruh konvensional akan buat online dimana pengusahanya tdk perlu bayar apa2. yg perorangan pasti kalah,bayang konvensional online usaha tdk bayar orang kalah
0,"lebih enak taksi konvensional, kalo kita kepepet ada taksi yg lewat langsung, kalau nunggu yg online lama. #HitamPutihT7 #OnlineVsKonvension",enak taksi konvensional kalo pepet taksi langsung nunggu online
0,#hitamputiht7 apakah ada hal kaya gini di negara lain ? Intinya saya gk setuju usaha kaya gini #OnlineVSKonvensional,kaya gin negara inti gk tuju usaha kaya gin
0,"Gak punya Gadget, mahal, nipu / gk jelas argonya sering argo kuda dan gak aman pake konvensional #hitamputihtrans7",gak gadget mahal nipu gk argonya argo kuda gak aman pake konvensional
0,"Hidup itu pilihan, jangan pasrah dengan keadaan",hidup pilih pasrah
0,#HitamPutihT7 Gawat darurat tetangga menembaki dg sengaja kucing2 disekitar rumah #komplekrumahelitbandung,gawat darurat tetangga tembak dg sengaja kucing rumah
0,"miris sekali liat keadaan hewan yg di aniaya, #HitamPutihT7 #hpsayangbinatang",miris liat hewan aniaya
0,"hanya membicarakan permasalahan orang lain, memalukan",bicara orang malu
0,dedy sombong nya keteraluan,dedy sombong nya alu
1,"Suka banget nonton #IndonesiaLawyersClub bisa menambah wawasan, bisa belajar cara membicarakan suatu masalah, keren @ILC_tvOnenews",suka nonton wawas ajar bicara keren
1,"ngakak, mantap dah pokoknya seru",ngakak mantap dah pokok seru
1,RINDU ILC INDOBESIA LAWYERS CLUB DI TVONE,rindu ilc indobesia lawyers club tvone
1,"Indonesia Lawyers Club merupakan program talkshow paling ditunggu pemirsa tvOne, yang membahas topik2 terkini #9TAHUNTVONE",indonesia lawyers club program talkshow tunggu pirsa tvone bahas topik
1,Selalu kagum dengan Buya Syafii Maarif - ILC tvOne https://youtu.be/gPXSkLtAL5Y,kagum buya syafii maarif ilc tvone
1,"Saya punya Panglima yang membanggakan, ILC tvOne https://youtu.be/tR2tN1u7eAw",panglima bangga ilc tvone
1,Rating Indonesia Lawyers Club TV One Langsung Melesat #tvone #setelah411,rating indonesia lawyers club tv one langsung lesat
1,Sejuk kalo ILC itu kayak gini obrolannya - ILC tvOne,sejuk kalo ilc kayak gin obrol ilc tvone
1,"semuanya nonton tvOne, Indonesia Lawyers Club yuk",nonton tvone indonesia lawyers club yuk
1,Belajar cara berdebat di bidang hukum #ilc,ajar debat bidang hukum
1,Selamat tayang kembali Indonesia Lawyers Club tvOne,selamat tayang indonesia lawyers club tvone
1,Ini yg bikin adem Hati.. Aa Gymnastiar #ilc,bikin adem hati aa gymnastiar
1,Ikhlas itu melepaskan dan mendoakan.. #ILC,ikhlas lepas doa
1,Bang @karniilyas cerdas ... #ILC hebat,bang cerdas hebat
1,pak Ustadz. keren banget.. #ILC,ustadz keren
1,#ilc saatnya damai bersenandung,damai senandung
1,Saatnya Damai Bersenandung #ILC dan Pemecah Belah Umat Beragama Dimusnahkan,damai senandung pecah belah umat agama musnah
1,Semoga makin paham seperti apa sejatinya rupa Indonesia #ILC,moga paham sejati rupa indonesia
1,ILC malam ini adem #indonesialawyersclub,ilc malam adem
1,"Indahnya ILC malam ini, semua pemuka agama saling rangkul dan setuju untuk meninggalkan kasus ahok yang merusak keselarasan bangsa #ILC",indah ilc malam muka agama rangkul tuju tinggal ahok rusak selaras bangsa
1,Setuju banget sama bapak ustad #ILC,tuju ustad
1,Top banget Utadz Zaitun Rasmin #ilc,top utadz zaitun rasmin
1,Yuk tonton TVOne selalu menyajikan berita2 obyektif #TVOneSllDihati,yuk tonton tvone saji berita obyektif
1,"#ilc,,, polmart memang bijaksana",polmart bijaksana
1,Rakyat mendukung KPK usut tuntas kasus e-KTP @karniilyas #ILCTVOne,rakyat dukung kpk usut tuntas e ktp
1,Acara televisi yang sangat saya suka #ilcTvOne,acara televisi suka
1,ga sabar nunggu 2019!!! #ILCTvOne,sabar nunggu
1,semangat dan sehat selalu pak karni penonton setia menunggu ILC tayang kembali @karniilyas #ILCtvone,semangat sehat karni tonton setia tunggu ilc tayang
1,Adem dengerin nasehat dari Aa gym semoga sehat slalu dan dalam lindunganNYA #IslamJagaNKRI @GeneralGatot #ILCtvone,adem dengerin nasehat aa gym moga sehat slalu lindung
1,"sangat banyak ilmu yang bisa kita serap di #ILCTVONE semalam, menyejukan",ilmu serap malam sejuk
1,#ILCtvone bangga kepada #PANGLIMATNI #JendralGatotNurmantyo,bangga
1,"Salut dengan komitmen Pak @GeneralGatot , tegas, berwibawa, inilah Jenderal sesungguhnya. #ILC411 #ILCtvone",salut komitmen wibawa jenderal sungguh
1,Hormat jendral... #ilctvone #keren #nextpresiden2019,hormat jendral
1,Aa gym.... Menyejukan mental dan jiwa #ilctvone,aa gym sejuk mental jiwa
1,Terimakasih buya Syafii @maarifinstitute . Bangga dg kejernihaannya #ilctvone,terimakasih buya syafii bangga dg kejernihaannya
1,Penjelasan Kapolri jelas dan tegas. Barakallahu. Mari buka hati #ilctvone  #JagaNKRI,kapolri barakallahu mari buka hati
1,"jika kita memiliki kasih,  seharusnya saling memaafkan jika ada org yg sudah mau minta maaf, itu baru keren, salut. #ilctvone",milik kasih maaf org maaf keren salut
1,"#Ilctvone @jonru @hafidz_ary @AHMADDHANIPRAST sampe diketawain, krn awalnya kalem, diujung keringat dingin matanya merem asli lucu",sampe diketawain krn kalem ujung keringat dingin mata merem asli lucu
1,Ahmad Dhani ngomong Pasti seru ini.... #ILCTVOne,ahmad dhani ngomong seru
1,"Mendengar pendapat pak hasim muzadi sangat menentramkan, keren #ilctvone",dengar hasim muzadi menentramkan keren
1,Salut dan hormat utk bang jhonson panjaitan lugas dan masuk akal... #ILCtvone,salut hormat utk bang jhonson panjaitan lugas masuk akal
1,Kompak dan sama  pembelaan antara BNN n Polisi...  #ilctvone,kompak bela bnn n polisi
1,Keren kali abang pengacara botak ini #ILCTvOne,keren kali abang acara botak
1,Jokowi ini org betul2 soleh.. hendropriyono #ilctvone,jokowi org soleh hendropriyono
1,Top n mencerahkan prof @mohmahfudmd ..! #ilctvone,top n cerah prof
1,Media dukung Ahok karena pendapatan iklan dari korporasi juga besar. #ILCtvone,media dukung ahok iklan korporasi
1,@ILC_tvOnenews keren bikin melek #ilctvone,keren bikin melek
1,Salut sama pak Darmawan Salihin...  #ILCTVONE,salut darmawan salihin
1,semga ilc tetap jadi memberikan informasi yang benar,semga ilc informasi
1,"acara debat yag hebat, keren #ILC",acara debat yag hebat keren
0,Yang di tunggu bukan tvshow tapi INDONESIA LAWYERS CLUB. TVshow tidak cocok dengan karakter siaran tvone!,tunggu tvshow indonesia lawyers club tvshow cocok karakter siar tvone
0,"Indonesia Lawyers Club TvOne malam ini sepertinya batal tayang lagi. memalukan Rezim ini terlalu sakit, sehingga takut http://fb.me/18pYNAcs",indonesia lawyers club tvone malam batal tayang malu rezim sakit takut
0,Potensi teroris sangat besar. Jangan bikin pernyataan yg memberi peluang pd teroris #ILC,potensi teroris bikin nyata peluang pd teroris
0,"Indonesia banyak masalah tp gak ada sikap tegas dr pak presiden, ditanya di demo malah sibuk pencitraan & upload video gak penting! #ILC",indonesia tp gak sikap dr presiden demo sibuk citra upload video gak
0,"Kalau melihat acara #ILC Membidik Habieb Rizieq, Habieb ga perlu pulang ke Indonesia. Ga penting. Ga mutu.",acara bidik habieb rizieq habieb pulang indonesia mutu
0,"@Busyro_Muqoddas : Minoritas ekonomi kuat menguasai Mayoritas Ekonomi lemah, tidak pernah dibahas, inilah sumber radikal, miris #ILC @karnii",minoritas ekonomi kuat kuasa mayoritas ekonomi lemah bahas sumber radikal miris
0,sekali lg mengingatkan @aniesbaswedan untuk jaga jarak dg Islamis radikal jika tak ingin melihat bangsa ini hancur. #ILC,lg jaga jarak dg islamis radikal bangsa hancur
0,omongannya ga menarik. ga berisi. #ILC,omong tarik isi
0,Anis difitnah katanya dia... #ILC,anis fitnah
0,Sebuah pertanyaan kepada metromini utk dijadikan metronome yang dibentuk oleh kemacetan yang cukup padat di berikan oleh putra petir. #ilc,metromini utk metronome bentuk macet padat putra petir
0,"buat para pembela AHOK, Cek cara berpikirnya, masa kalah sama ANAK SD. #AhokHarusDipenjara @ILC_tvOnenews #ILC",bela ahok cek pikir kalah anak sd
0,@MataNajwa kok kayak provokatif ya pembawa acaranya. Beda kelas dg #ILC @ILC_tvOnenews,kayak provokatif ya bawa acara beda kelas dg
0,"Saya pribadi tdk suka dgn acara Mata Najwa dan ILC, tdk menyelesaikan masalah kayaknya. #matanajwa #ILC",pribadi tdk suka dgn acara mata najwa ilc tdk selesai kayak
0,Benarkah kebohongan yang diulang-ulang... #iLc,bohong ulang ulang
0,Diracun dengan pujian.. #ILC,racun puji
0,"males nonton, Topik #ILC ga kekinian.",males nonton topik
0,Meskipun kebohongan itu lari secepat kilat satu waktu kebenaran akan mengalahkannya #ILC,bohong lari cepat kilat kalah
0,"org yg namanya tampang Nabi tp hati Iblis, sesuai dgn pernyataan pengacara Nazarudin #ILC",org nama tampang nabi tp hati iblis sesuai dgn nyata acara nazarudin
0,"para pejabat sedang sibuk membicarakan ""HAK ANGKET"", #ILC tv0ne http://fb.me/2RGmoq4cL",jabat sibuk bicara hak angket tvne
0,saya paham bahwa saya gagal paham...  #ILC,paham gagal paham
0,"ngomong segitu panjang, gak dapet maksudnya mau apa... #aneh #ilc",ngomong segitu gak dapet maksud
0,"Sumpah liat mukanya #FahriHamzah di #ILC pengen gw lempar pake sepatu,, nyebelin bgt",sumpah liat muka ken gw lempar pake sepatu nyebelin bgt
0,Percuma pak. fahri dower itu masih sakit hati sama KPK. #ILC,fahri dower sakit hati kpk
0,"DPR TERUSIK,, KPK DIBIDIK #ILC",dpr usik kpk bidik
0,@ReflyHZ Ajarin dewan ttg hak angket !!! #ILC,ajarin dewan ttg hak angket
0,"Saya rakyat, tp saya jg kadang ga seneng lihat cara nya yg superbodi, kok kyknya tebang pilih jg.. #ILC",rakyat tp jg kadang neng lihat nya superbodi kyknya tebang pilih jg
0,#ILC merajut jakarta kembali setelah tercabik cabik karena kepemimpinan masa lalu,rajut jakarta cabik cabik pimpin
0,"@karniilyas maksudnya, cinta akan uang adalah akar kejahatan #ILCTVOne",maksud cinta uang akar jahat
0,Makin hari makin geram ngeliat tingkah laku dan akhlaq oknum yang mengatasnama kan ISLAM #ILCTVONE,geram ngeliat tingkah laku akhlaq oknum mengatasnama islam
0,"Pembohongan publik itu, ketika rambut udah putih beruban tapi di cat hitam #ilctvone",bohong publik rambut udah putih uban cat hitam
0,"#MataNajwa meskipun beda kelas sm #ILCTVOne knp masih bebas tanpa pembatalan, Tanya kenapa?????",beda kelas sm knp bebas batal
0,"Nonton ILC tokoh betawi bilang, org betawi itu gampang intinya, ""bacot lu jaga.."" jadi itulah intinya.. #ilctvone",nonton ilc tokoh betawi bilang org betawi gampang inti bacot lu jaga inti
0,"Merajut kembali Jakarta? Gampang kok. ""Bacot lu jaga"" #ILCTVOne",rajut jakarta gampang bacot lu jaga
0,buya safii maarif yg lebih tua kalah bijak dari nasihat bung eep yg jauh lebih muda #ILCtvOne,buya safi maarif tua kalah bijak nasihat eep muda
0,Merampas hak dasar sebagai manusia harus batal demi hukum #ILCTvOne,rampas hak dasar manusia batal hukum
0,Pihak polisi kasihan jadi terlihat sangat bodoh berhadapan dengan argumentasi hukum dan pakar IT #IlcTvOne,polisi kasihan bodoh hadap argumentasi hukum pakar it
0,"itu bapak Abi Manyu kasian.... beliau tidak paham WhatsApp, miris #ilctvone",abi manyu kasi beliau paham whatsapp miris
0,Bintang #ILCtvOne pun muncul #AaGym Tidak ada partai atau tokoh manapun yang sanggup menggerakkan orang http://fb.me/2WDYOkqZU,bintang muncul partai tokoh sanggup gerak orang
0,"Menghimbau jangan terprovokasi, tp memantik kebencian.. Tidak meneduhkan tp membuat mendung.. #ILCTvOne",menghimbau provokasi tp mantik benci teduh tp mendung
0,Tindakan anarkis pada saat aksi bukan oleh pendemo #ILCTvOne #SaveHmI,tindak anarkis aksi demo
0,"Sepenting apapun itu, ingat kita akan mati, seram #ILCtvone",mati seram
0,"siapa lagi? ketua preman pasar ikutan ngomong, memalukan #ILCtvone",ketua preman pasar ngomong malu
0,"jgn krn cuma jaga moral dr konten porno, negara ini darurat radikalisme, mau tunggu perang kyk di suriah baru kpi sadar? #ILCTVONE",jgn krn jaga moral dr konten porno negara darurat radikalisme tunggu perang kyk suriah kpi sadar
0,kami butuh fakta bukti bukan hanya ngomong kebohongan #ILCTVOne,butuh fakta bukti ngomong bohong
0,Kasian ya yg bapak2 berpeci pake batik merah tadi air mata nya dikeluarin cuma krn ahoax #miris #ILCtvone,kasi ya peci pake batik merah air mata nya dikeluarin krn ahoax
0,"Syaiton itu musuhmu, jgn dijadikan sbg teman Manusia bs kesetanan, tp setan tdk bs kemanusiaan... #insyaflahwahaimanusia #ILCtvone",syaiton musuh jgn sbg teman manusia bs setan tp setan tdk bs manusia
0,"#ILCtvone mendengar cerita bu marwah aku merasa bodoh, memalukan",dengar cerita bu marwah bodoh malu
0,#ILCTVONE ini bang gaya nya benar2 pemikiran liberal miris sekali,bang gaya nya pikir liberal miris
0,Sesat pikir para pengamat #taxamnesti #ILCtvone,sesat pikir
0,berbicara kelamaan ribet #ILC,bicara ribet
1,"ih lucu, mas kick andy nya senyum2 aja",ih lucu mas kick andy nya senyum
1,nonton pak hasan Merkids di kick andy sangat menginspirasi salut pak hasan,nonton hasan merkids kick andy inspirasi salut hasan
1,cara Ubah Mimpimu Jadi Tindakan Kick Andy,ubah mimpi tindak kick andy
1,Kickandy gokil #kickandy,kickandy gokil
1,"Terima kasih sudah menonton acara #kickandy eps ubah mimpimu jadi tindakan, semoga bermanfaat",terima kasih tonton acara eps ubah mimpi tindak moga manfaat
1,Temukan lentera jiwamu #kickandy #mahasiswaum,temu lentera jiwa
1,Agung.. Saya akan undang lagi.. Untuk bercerita banyak tentang perjalanan kehidupanmu.. #KickAndy,agung undang cerita jalan hidup
1,PARA MUSISI YG MENGGELORAKAN SEMANGAT NASIONALISME DAN KEBHINEKAAN UNJUK GIGI #KICKANDY NKRI HARGA MATI...,musisi gelora semangat nasionalisme kebhinekaan unjuk gigi nkri harga mati
1,Anak2 mulai berimajinasi. #kickandy,anak imajinasi
1,CARA GILA MENDAKI GUNUNG #KickAndy Luar Biasa Mantap Jiwa,gila daki gunung mantap jiwa
1,sayangilah alam niscaya alam akan menyayangimu #kickAndy,sayang alam niscaya alam sayang
1,mantan narapidana pun dirangkulnya untuk dicarikan pekerjaan untuk menjalani hidup yg lbh baik lagi,mantan narapidana rangkul cari kerja jalan hidup lbh
1,Agung @eevnxx mampu membuktikan sebuah karya yg mengagumkan bisa dihasilkan dgn belajar scr otodidak,agung bukti karya kagum hasil dgn ajar scr otodidak
1,Salah satu kejadian yang membuat penonton tertawa saat agung hapsah muncul #KickAndy,salah tonton tertawa agung hapsah muncul
1,Agung akan diundang  Untuk bercerita banyak tentang perjalanan kehidupanmu.. #KickAndy,agung undang cerita jalan hidup
1,Jatuh lalu bangkit Untuk membantu sesama #Kickandy,jatuh bangkit bantu
1,Rasa bangga itu ada setelah saya bs menyumbang karya kecil buat NKRI Ronny #KickAndy patut acungi jempol,bangga bs sumbang karya nkri ronny patut acung jempol
1,"Sahabat Gimbal Alas, nanti malam jangan lupa ya nonton #KickAndy Cara Gila Mendaki Gunung ala Cak Tarpin",sahabat gimbal alas malam lupa ya nonton gila daki gunung ala cak tarpin
1,"Hanya orang takut yang bisa berani, karena keberanian http://ekhs7903.m.nomor1.com/ekhs7903/menulis-adalah-kesenangan-saya.htm … #kickandy",orang takut berani berani
1,#kickandy Anda hanya dekat dengan mereka yang Anda sukai. Dan Anda menghindari orang yag tidak Anda sukai,suka hindar orang yag suka
1,Anak 16Th yang berfikir dewasa mampu mampu membiyayai sekolahnya sendiri dengan cara membajak sawah #kickandy @Metro_TV @MetroTVToday,anak th berfikir dewasa membiyayai sekolah bajak sawah
1,"kangen lagi nonton #kickandy sama ayah, ayah langsung bilang, seharusnya kamu bersyukur",kangen nonton ayah ayah langsung bilang syukur
1,#kickandy @KickAndyShow siang ini jg jadi ajang reuni sahabat kosti DKI dan kosti Jateng,siang jg ajang reuni sahabat kosti dki kosti jateng
1,Bapak ku lucu ya #kickandy,ku lucu ya
1,"besok pagi harus UTS, jd pulang duluan cuma poto bareng gambarnya #kickandy @KickAndyShow",besok pagi uts jd pulang duluan poto bareng gambar
1,Bahagianya Masuk Tv bersama Kawan #kickandy @ Kick Andy… https://www.instagram.com/p/BTGua2KhkXQ/,bahagia masuk tv kawan kick andy
1,Keren dan kocak nih tamu #kickAndy mereka-mereka yg memang lomba design yg berasal dari Malang,keren kocak nih tamu lomba design malang
1,"lucu ni bapak, bikin ketawa terus, persis kayak di tv #kickandy http://ift.tt/2o1rW9W",lucu ni bikin ketawa persis kayak tv
1,Terima Kasih #kickandy sudah menginspirasi saya membuka mata banyak orang karena kesetiaan yang teruji itulah Cinta yang sesungguhnya,terima kasih inspirasi buka mata orang setia uji cinta sungguh
1,Cinta itu agung. Tuhan itu luar biasa. #KickAndy,cinta agung tuhan
1,riasan terbaik seorang wanita adalah semangat dan rasa percaya dirinya.. #kickandy,rias wanita semangat percaya
1,Nonton #kickandy. Menginspirasi sekali,nonton inspirasi
1,"#kickandy kita mendukung Ahok, karena orang baik @KickAndyShow @Metro_TV",dukung ahok orang
1,Mantap pak ahok #kickandy,mantap ahok
1,Manusia bersih pasti berani #KickAndy #TamuAhok,manusia bersih berani
1,Suka dengan nasehat Pak Analta Amir yg meminta Ahok menyaring ucapan #kickand,suka nasehat analta amir ahok nyaring
1,"Nonton #kickandy Menarik, membuka pikiran, menginspirasi. Sukses selalu",nonton tarik buka pikir inspirasi sukses
1,inilah jagoan saya!! hahahaha #kickandy,jago hahahaha
1,Salut lah sama orang2 kek gitu #kickandy,salut orang kek gitu
1,@KickAndyShow semoga tambah ok dan panjang umur. semoga acara nanti malam lancar #kickandy,moga ok umur moga acara malam lancar
1,Ajang orang-orang saling menginspirasi. #kickandy #kickandyheroes2017,ajang orang orang inspirasi
1,"Suara Penta Boys ini memang keren banget, pantas jadi juara 1 di Rumania #KickAndy",suara penta boys keren juara rumania
1,penta Boys ini masih eksis saja dan saya suka suara mereka. Keren #KickAndyp,penta boys eks suka suara keren
1,"Rupanya, terselip beberapa detik di Kick Andy. Keren dan luar biasa",selip detik kick andy keren
1,Terimakasih #kickAndy,terimakasih
1,Tayangan yang sangat inspiratif yang banyak memberi motivasi kepada kita untuk lebih bisa mencintai orang-orang disabilitas #kickandy,tayang inspiratif motivasi cinta orang orang disabilitas
1,"perjuagan mereka istimewa, krn mampu menembus keterbatasan sbg rasa syukur pada Allah, sangat menginspirasi. #KickAndy",perjuagan istimewa krn tembus batas sbg syukur allah inspirasi
1,Syukurilah atas kehidupanmu saat ini #kickandy,syukur hidup
1,"Acara yang sangat menginspirasi sekali, salut #kickandy",acara inspirasi salut
1,"suka dengan semua tamu yang diundang, pasti menginspirasi #kickandy",suka tamu undang inspirasi
0,kalo udah di puncak jangan lupa sampahnya di bawa turun lagi karena alam bukan tempat nyampah stop nyampah di gunung #kickandy,kalo udah puncak lupa sampah bawa turun alam nyampah stop nyampah gunung
0,RT @KickAndyShow: 61 WNA terancam dideportasi dan lia @gracialia terancam dipidanakan,rt wna ancam deportasi lia ancam pidana
0,Lebih baik menyalakan lilin daripada mengumpat kepada kegelapan #pejuangtangguh #kickandy,nyala lilin umpat gelap
0,"aku ga mau bohongi diri sendiri. Gimbal Alas, Malang. #kickandy",bohong gimbal alas malang
0,sampan tidak akan dapat belayar di padang pasir betapa pun jua emp http://ilha8253.m.nomor1.net/ilha8253/1001-burung-kertas.htm … #kickandy,sampan bayar padang pasir betapa jua emp
0,"Bila kita mencari uang, kita akan dipaksa mengupayakan jangan malas http://ln.is/m.nomor1.com/KfMAp … #kickandy",cari uang paksa upaya malas
0,"Dalam hidup, terkadang kita lebih banyak mendapatkan apa yang tidak kita inginkan #NOMOR1.net #kickandy",hidup terkadang net
0,"Cobaan suami saat istri sakit, cobaan istri saat suami gak punya duit, miris #kickandy",coba suami istri sakit coba istri suami gak duit miris
0,"Terharu mendengar puisi ""Perempuan yang tak berhenti terjaga"" dari anak-anak Ibu Shinta Nuriyah, miris #kickandy",haru dengar puisi perempuan henti jaga anak anak shinta nuriyah miris
0,"anak itu milik berdua, bukan milik salah satu, bantulah istri mengasuh anak, seperti itu #Gusdur #kickandy",anak milik milik salah bantu istri asuh anak
0,"ujian suami adalah saat istri sakit, dan ujian istri adalah saat suami tidak punya apa-apa #kickandy",uji suami istri sakit uji istri suami
0,#kickandy Bung Andy cuma mampir dgn gaya remaja sbg idola remaja dan tidak sempat beli,andy mampir dgn gaya remaja sbg idola remaja beli
0,"Kelemahan Anda hanyalah sementara, karena Anda sedang memperkuatnya, tetapi bila Anda jadi #tekcmi144 #kickandy",lemah kuat
0,Kekuatan terbesar yang mampu mengalahkan stress adalah kemampuan memilih pikiran yang tepat. kita akan #hermafik95 #kickandy,kuat kalah stress pilih pikir
0,Itu yg saya kesel. Coba kalo sodara km ngantri ke kanker. Coba km rasain. Kok bs gitu fitnah org. #KickAndy #SuaraHatiAhok,kesel coba kalo sodara km ngantri kanker coba km rasain bs gitu fitnah org
0,"Klo pulang ke rumah, mati. Ga ada yg urus. Miskin kok. Kita mw taruh dia di apartemen #KickAndy #SuaraHatiAhok",klo pulang rumah mati urus miskin mw taruh apartemen
0,Kalo dia berantem tdk ada telor busuk diketeknya #kickandy #pilkadadki,kalo antem tdk telor busuk ketek
0,Pak @basuki_btp mukanya sedih banget pas kakak2 angkatnya ngomong. #kickAndy,muka sedih pas kakak angkat ngomong
0,Andy terlihat kaku dan jaga sikap saat mengundang Ahok menjadi tamu. Mungkin agar terlihat lebih formal #kickandy,andy kaku jaga sikap undang ahok tamu formal
0,Makin stress makin ngantuk #ahok #kickandy,stress ngantuk
0,"Jangan melihat orang dari cover nya aja, tapi lihat lah dia dari sisi lain nya. Fisik bisa saja sm namun isinya berbeda. #KickAndy",orang cover nya lihat sisi nya fisik sm isi beda
0,kayak gajah yg dibilang psikolog di @Metro_TV #KickAndyMetroTv,kayak gajah bilang psikolog
0,Jangan di bakarin dong pak andy @KickAndyShow #kickandymetrot,bakarin andy
0,bikin sakit perut nonton kisah sarjana tertua di indonesia.. #KickAndyMetroTv,bikin sakit perut nonton kisah sarjana tua indonesia
0,Pekerjaan yg tdk sesuai dengan kualifikasi pendidikannya #KickAndyMetroTV,kerja tdk sesuai kualifikasi didik
0,"Tp ttp tdk msk surga, jd ibadahnya sia2 hahaah RT @melanjhe: sp bilang orang bertato tdk boleh beribadah?!? #kickandymetrotv",tp ttp tdk msk surga jd ibadah sia hahaah rt sp bilang orang tato tdk ibadah
0,orang bertato tdk boleh beribadah?!? #kickandymetrotv,orang tato tdk ibadah
0,Apakah kamu bodoh? Tidak!.. Kamu di bodohi oleh suatu sistem Mike-marjinal @kickandymetrotv,bodoh bodoh sistem mike marjinal
0,"Gimana soal UN g bs bocor, pertanyaan Malaikat di alam kubur aja udah bocor. #KickAndyMetroTV",gimana un g bs bocor malaikat alam kubur udah bocor
0,Masa ada anak lulus dg nilai palingg tinggi dan lulus SNMPTN Undangan bidik misi pdhl dia susah sekali... @SBYudhoyono #kickandymetrotv,anak lulus dg nilai palingg lulus snmptn undang bidik misi pdhl susah
0,"Orang Belanda aja peduli sama orang2 indonesia yg berada d daerah terisolir, gimana dg pemerintah indonesia? Zhonk kickandyMetroTV",orang belanda peduli orang indonesia d daerah isolir gimana dg perintah indonesia zhonk kickandymetrotv
0,Merinding deh nonton #KickAndyMetroTV,merinding deh nonton
0,Indonesia2. Bahkan kita dididik untuk menjadi rusak.. #kickandymetrotv,indonesia didik rusak
0,Parahnya kualitas pendidikan di Indonesia  #kickandymetrotv,parah kualitas didik indonesia
0,demi apapun ya kick andy sekarang botak?  #kickandymetrotv,ya kick andy botak
0,jadi merasa malu krn kalah dari org yg tdk sempurna tapi mempunyai yg lebih dari org sempurna #kickandymetrotv,malu krn kalah org tdk sempurna org sempurna
0,Hukum di Indonesia masih jauh dari kata ADIL #KickAndyMetroTV,hukum indonesia adil
0,"aku kira makin tua makin keladi, malah jd macan ompong. Melempem. kecewa liat amin rais di @kickandymetrotv",tua keladi jd macan ompong melempem kecewa liat amin rais
0,"#kickAndyMetroTV MEDIA harus mengisi lebih banyak ttg kisah sukses di TV, bukan gosip, berita rusuh & acara2 GG JELAS, tai kucing!! #CATET",media isi ttg kisah sukses tv gosip berita rusuh acara gg tai kucing
0,"#kickAndyMetroTV jika ingin dihargai orang, hargailah orang lain juga",harga orang harga orang
0,Dibawah sana banyak yg lebih sulit jangan banyak mengeluh #kickandymetrotv,sulit keluh
0,"Hidup adalah  perjuangan yang melelahkan, capek #kickandy",hidup juang lelah capek
0,Orang-orang yang berhenti belajar akan menjadi bodoh  #kickandy http://untub6158.m.humandesignindonesia.com/untub6158/rahasia-dalam-memikat-,orang orang henti ajar bodoh
0,"Ambillah waktu untuk berfikir, jangan jadi perusak #kickandy http://koepb3112.m.networknumberone.com/koepb3112/tak-ada-yang-berubah-meski-sa",ambil berfikir usak
0,miris ketika melihat banyak perusak di indonesia #kickandy,miris usak indonesia
0,sistem Mike-marjinal banyak membodohi orang #kickandy,sistem mike marjinal bodoh orang
0,stress melihat semua kekacauan yang ada #kickandy,stress kacau
0,"kesel banget, coba kalian ada di posisi pak ahok #kickandy",kesel coba posisi ahok
0,"coba pulang kerumah, mati. Ga ada yg urus. Miskin kok. Kita akan taruh dia di apartemen #KickAndy #SuaraHatiAhok",coba pulang rumah mati urus miskin taruh apartemen
0,"tidak ada orang bodoh, yang ada hanya orang malas",orang bodoh orang malas
1,"Setuju. Al misbah, mata najwa dan kick andy program favorit",tuju al misbah mata najwa kick andy program favorit
1,Metro_TV Mata Najwa: Pancasila Punya Kita http://metrotvn.ws/zNAj3qeb,metro tv mata najwa pancasila
1,"Selera gue ini gatau akhir2 ini suka banget nonton metro tv kalo ga kick andy mata najwa, selera menua",selera gue gatau suka nonton metro tv kalo kick andy mata najwa selera tua
1,Mantap Mata Najwa. Pasti seru nih,mantap mata najwa seru nih
1,Sahabat2.. yuk nonton Mata Najwa di Metro TV bersama Ketua Umum DPP PKB,sahabat yuk nonton mata najwa metro tv ketua dpp pkb
1,Suarakan terus kebenaran Mata Najwa,suara mata najwa
1,"Selamat @NajwaShihab dan keluarga besar @Metro_TV Prestasi yg luar biasa, Dialog keren, rugi klo terlewatkan nonton mata najwa",selamat keluarga prestasi dialog keren rugi klo nonton mata najwa
1,@TV_MATANAJWA Semoga acara Mata Najwa Metro TV jadi acara favorit dan semakin jaya berkualitas di masa mendatang,moga acara mata najwa metro tv acara favorit jaya kualitas
1,Pasti menang cuma mata najwa yang paling ok RT @Metro_TV: Dukung Mata Najwa menjadi Program TV terbaik http://tl.gd/nnoc2f,menang mata najwa ok rt dukung mata najwa program tv
1,"Mata Najwa MetroTV, Inspiratif",mata najwa metrotv inspiratif
1,KENAPA HARI INI TERASA TENTRAM DAN BAHAGIA NONTON MATA NAJWA @Metro_TV,tentram bahagia nonton mata najwa
1,Mata Najwa paling keren acaranya matanya setajam silet,mata najwa keren acara mata tajam silet
1,Mata Najwa malam ini kayaknya bakal seru banget,mata najwa malam kayak seru
1,Mata Najwa memang paling keren Mantap,mata najwa keren mantap
1,"Keren! Tampil di Kandang Lawan, Pak Anies Baswedan Tampak Gemilang di Mata Najwa Metro TV",keren tampil kandang lawan anies baswedan gemilang mata najwa metro tv
1,memang cukup romantis dan memuaskan pemirsa krn adanya mata najwa semakin sukses,romantis muas pirsa krn mata najwa sukses
1,Menarik sekali mengikuti diskusi Ahok - Anis di Mata Najwa http://fb.me/5KYy9nAdC,tarik diskusi ahok anis mata najwa
1,ahok merasa pinter dan merasa hebat di debat acara mata najwa metro tv.,ahok pinter hebat debat acara mata najwa metro tv
1,Mata Najwa dan Metro Tv berpihak pada paslon 3 Untung Ahok cerdas. Semangat pak! Allah bersamamu,mata najwa metro tv paslon untung ahok cerdas semangat allah
1,"Sudah terbukti di mata Najwa, kalau Ahok lebih hebat dari Anis Insaallah Ahok Jarot menang..",bukti mata najwa ahok hebat anis insaallah ahok jarot menang
1,"sip, keren. debat ala mata najwa lebih keren daripada ala kpud yg sdh diatur utk lbh jaim",sip keren debat ala mata najwa keren ala kpud sdh atur utk lbh jaim
1,semoga bapak jokowi melihat acara mata najwa supaya masalah masalah yg dipelosok dapat diatasi,moga jokowi acara mata najwa pelosok
1,keren deh. Mata Najwa juga.,keren deh mata najwa
1,metro tv keren inspiratif dgn mata najwa nya kick andy,metro tv keren inspiratif dgn mata najwa nya kick andy
1,metro tv emang tv paling keren ya edukatif dan menginspirasi seperti mata najwa dan kick andy,metro tv emang tv keren ya edukatif inspirasi mata najwa kick andy
1,Pemimpin itu harus Cerdas santun Tegas jujur bersih saya pilih AniesSandiPemersatu #MataNajwaMetroTv,pimpin cerdas santun jujur bersih pilih aniessandipemersatu
1,"Liat pemimpin2 yg islami, cerdas, teladan #matanajwametrotv",liat pimpin islami cerdas teladan
1,rame banget malam ini #MataNajwaMetroTV selalu menunggu topik lain yang seru dan nambah wawasan.,rame malam tunggu topik seru nambah wawas
1,Kado indah malam ini. @najwashihab  matanajwametrotv https://instagram.com/p/3OoWqCwgYj/,kado indah malam matanajwametrotv
1,"Tjokro dan rumahnya menjadi teladan, tentang senioritas yang menghidupkan dan bukan mengkerdilkan. #MataNajwaMetroTv",tjokro rumah teladan senioritas hidup kerdil
1,"Semangat bp bambang woidjojayanto,, @matanajwaMetroTv,, #saveKPK",semangat bp bambang woidjojayanto
1,belajar dari gusdur matanajwametrotv,ajar gusdur matanajwametrotv
1,"mata najwa, ibu susi bpk dahlan dan bpk faisal basri inspiratif #matanajwametrotv",mata najwa sus bpk dahlan bpk faisal basri inspiratif
1,metro tv keren malam ini yang lg malam mingguan rugi klo ga nonton mata najwa @matanajwametrotv,metro tv keren malam lg malam minggu rugi klo nonton mata najwa
1,Kemerdekaan adalah hak segala bangsa #TanyaJokowi #MataNajwaMetroTV,merdeka hak bangsa
1,Seru nih mata najwa malam ini #MATANAJWAMETROTV,seru nih mata najwa malam
1,Salut buat Ahok. #matanajwametrotv #hutjekardah,salut ahok
1,Super Salut dengan Pak Ahok #matanajwametrotv,super salut ahok
1,"Matanajwametrotv berwibawa tak byk kata_berkuasa tetap sederhana, kagum",matanajwametrotv wibawa byk kuasa sederhana kagum
1,Salut dan bangga sm pak BJ. Habibie utk yg kesekian kalinya #MataNajwaMetroTV,salut bangga sm bj habibie utk sekian kali
1,"obrolan santai menarik abraham slamet, jk, jokowi, anis baswedan, ganjar #matanajwametrotv",obrol santai tarik abraham slamet jk jokowi anis baswedan ganjar
1,"Anis baswedan , jokowi , ganjar pranowo , JK , abraham samad inspirasi indonesia  Keren !!! #matanajwametrotv",anis baswedan jokowi ganjar pranowo jk abraham samad inspirasi indonesia keren
1,para pemimpin yg luar biasa #MataNajwaMetroTv,pimpin
1,"Kerendahan, kesederhanaan pak jokowi ini patut di tiru #matanajwametrotv",rendah sederhana jokowi patut tiru
1,Seru nih Dahlan Iskan dan ketua DPR #matanajwametroTV,seru nih dahlan iskan ketua dpr
1,Desa Bebas Rokok yg sangat menginspirasi dan ternyata ada. Luar biasa #MataNajwaMetroTV,desa bebas rokok inspirasi
1,Selalu dan masih terinspirasi dengan cinta BJH dan HAB #matanajwaMetroTV http://myloc.me/8DDtO,inspirasi cinta bjh hab
1,Selalu memberikan banyak inspirasi #matanajwaMetroTV,inspirasi
1,Narasumber yang luar biasa #matanajwaMetroTV,narasumber
1,Cie yg lg ada job di @MataNajwa,cie lg job
0,setelah nonton mata najwa soal radikalisme di @Metro_TV langsung keluar berita tersebut. Seram,nonton mata najwa radikalisme langsung berita seram
0,"Mata Najwa acara sampah, yg cuman memperkeruh suasana. Gue sbg pelajar mending pilih ILC. @MataNajwa @NajwaShihab @Metro_TV",mata najwa acara sampah cuman keruh suasana gue sbg ajar mending pilih ilc
0,kata aneh lagi diacara mata najwa metrotv mengajarkan Islam kepada umat Islam dikatakan Islamisi lebih edan lagi tokoh Islam manggut2,aneh acara mata najwa metrotv ajar islam umat islam islamis edan tokoh islam manggut
0,ILC mendinginkan Mata Najwa memprovokasi Metro tv emang tv sampah ga bosan2 memojokan islam ! Metro tv perusak pancasila,ilc dingin mata najwa provokasi metro tv emang tv sampah bosan pojok islam metro tv usak pancasila
0,"Laporkan metro tv ke kpi, metro itu stres mata najwa selalu kalah oleh ILC",lapor metro tv kpi metro stres mata najwa kalah ilc
0,KECEWA MATA NAJWA MALAM INI TIDAK BERMUTU!! NARASI NAJWA BUKTI DIA GA NGERTI MASALAH KARENA KEBERPIHAKAN JADILAH KEBODOHAN,kecewa mata najwa malam mutu narasi najwa bukti ngerti bodoh
0,"@Metro_TV untuk acara Mata najwa, host nya @NajwaShihab JANGAN SUKA MENYELA PEMBICARAAN ORANG KALAU BELUM SELESAI. GAK SOPAN",acara mata najwa host nya suka bicara orang selesai gak sopan
0,Jadi emosi & sakit hati nonton mata najwa @metro tv. Ganti chanel masakan aja,emosi sakit hati nonton mata najwa tv ganti chanel masakan
0,"MASA DARI ISIS MIMIN ITU BOM KP. MELAYU, MAAF KATANYA ISIS ORGANISASI APA IKUT ORGANISASI MBAK MATA NAJWA? BETULKAH ITU MIMIN?",isis mimin bom kp melayu maaf isis organisasi organisasi mbak mata najwa mimin
0,"fotonya kok @Pak_JK , yg integritasnya tdk jelas. Merusak reputasi Mata Najwa aja",foto integritas tdk rusak reputasi mata najwa
0,gara2 di bantai teman sendiri sesama anggota DPR di mata najwa lu langsung benci metro TV,gara bantai teman anggota dpr mata najwa lu langsung benci metro tv
0,@Metro_TV Muak melihat kesombongan FZ di acara live Mata Najwa,muak sombong fz acara live mata najwa
0,"males lihat @Metro_TV biarpun yg datang org nomor satu dunia, ogah. @Metro_TV dan pembawa acara mata najwa sdh dicontreng hitam",males lihat biarpun org nomor dunia ogah bawa acara mata najwa sdh dicontreng hitam
0,"keseringan masuk @Metro_TV dan bergaul sama mata najwa, engga diapa-apain ngadu2",masuk gaul mata najwa engga apain ngadu
0,"Kan udah bilang di mata najwa metro tv, tanya aja sendiri ke bapak anis, kok fitnah",udah bilang mata najwa metro tv anis fitnah
0,Kenapa MUI tidak mengeluarkan Fatwa Haram Korupsi? Rasanya harus undang jg para petinggi MUI di mata najwa,mui fatwa haram korupsi undang jg petinggi mui mata najwa
0,"Bravo Mata Najwa.. Debat Pilgub DKI kali ini garing,kalah sama MataNajwa yg mampu menggali lbh dalam #MataNajwa @Metro_TV",bravo mata najwa debat pilgub dki kali garing kalah matanajwa gali lbh
0,"#BatalDebatKarena Kasihan... pas debat Mata Najwa di metrotv aja Pak Basuki sudah hampir nangis, ga kebayang kemarin debat lagi",kasihan pas debat mata najwa metrotv basuki nang bayang kemarin debat
0,Setelah acara di mata najwa kasihan Pak Anies jd bulan2an di medsos untuk dihujat #AhokDjarotDiRosi,acara mata najwa kasihan anies jd medsos hujat
0,"Nyetel metro tv mata najwa debat kemaren Bikin kesel masalah rumah, coba cek skrg msh ada ga itu rumah di webnya",nyetel metro tv mata najwa debat kemaren bikin kesel rumah coba cek skrg msh rumah webnya
0,"waktu awal sandi muncul sbg cawagub di metro tv dlm acara mata najwa, pak sandi sdh berbohong....",sandi muncul sbg cawagub metro tv dlm acara mata najwa sandi sdh bohong
0,Ini Kesaksian Mengejutkan Pendukung Anies Yang Merasa Tertipu Di Acara Mata Najwa. MENIPU @Metro_TV @MataNajwa,saksi kejut dukung anies tipu acara mata najwa tipu
0,"#MataNajwaDebatJakarta  Di kandang Ahok, Metro TV, dan mata Najwa  Mereka bagaikan sampah yg berserakan Anies pilihanku  Pasti",kandang ahok metro tv mata najwa sampah sera anies pilih
0,Katanya boikot MetroTV tp kok ngintip Mata Najwa,boikot metrotv tp ngintip mata najwa
0,"Malas lihat Anies, bawa sial aja ini orang, lebih baik lihat Ahok aja di Mata Najwa",malas lihat anies bawa sial orang lihat ahok mata najwa
0,Nonton Mata Najwa @Metro_TV gw liat Anies ngomong bikin ngantuk #anaktangsel,nonton mata najwa gw liat anies ngomong bikin ngantuk
0,mata najwa  selalu menuduh menjelekan lawan memfonis lawan,mata najwa tuduh jelek lawan fon lawan
0,"Liat Mata Najwa @Metro_TV males, diskusi @basuki_btp sama @aniesbaswedan ga imbang.. salah satunya jualan mimpi",liat mata najwa males diskusi imbang salah jual mimpi
0,kayaknya mata Najwa mengadu domba kedua cagub di putaran 2 Pilkada DKI nih...,kayak mata najwa adu domba cagub putar pilkada dki nih
0,"gak mungkin saya di penjara, saksinya aja palsu kok. Kata pak Ahok  #TerbuktiTeruji #MataNajwaMetroTv",gak penjara saksi palsu ahok
0,"pak anis pak anis, rekaman 2 thn lalu msh disimpan loh sm metrotv  gak malu ya nelen ludah sendri? #MataNajwaMetroTv",anis anis rekam thn msh simpan loh sm metrotv gak malu ya nelen ludah sendri
0,Sebagus apapun sistem ketika yang menjalankan orang yg tidak baik. Maka jadilah sistem itu tidak baik pula #matanajwametrotv,bagus sistem jalan orang sistem
0,"Ridwan Bae tai  Tampang aja udah ngeselin, ayo mbk nana bully trus si Bae,, #MataNajwaMETROTV",ridwan bae tai tampang udah ngeselin ayo mbk nana bully trus si bae
0,Miris liat pengaturan skor di sepakbola indonesia  #matanajwametrotv,miris liat atur skor sepakbola indonesia
0,"Dahulu pemuda berperang melawan penjajah, sekarang pemuda melawan kebiasaan buruk yang tak kunjung berubah #matanajwametrotv",pemuda perang lawan jajah pemuda lawan buruk kunjung ubah
0,Pasrah pak ? Haha TAI #MataNajwaMetroTV #SepakBolaMilikSiapa?,pasrah haha tai
0,"lo bilang kita2 ga punya kerjan ya, @radityadika #MataNajwaMetroTv",lo bilang kerjan ya
0,PSSI tempat pelacur diri sudah tak punya hati nurani! memalukan @MataNajwaMetroTV,pssi lacur hati nurani malu
0,#MataNajwaMetroTV jembatan comal masih blm jadi... akibatya padat merayap...,jembatan comal blm akibatya padat rayap
0,Bagaimana penegak MELANGGAR hukum? Kita TIDAK membayar SERAGAM mereka hanya untuk menegakkan HUKUM RIMBA @MataNajwa #MataNajwaMetroTv,tegak langgar hukum bayar seragam tegak hukum rimba
0,Pak wapresnya diketawain mulu ( bajusama staff hotel & celana robek ) @boediono  #matanajwametrotv,wapresnya diketawain mulu bajusama staff hotel celana robek
0,RT @PutryVanVan: pemimpin itu mendongrak keadaan bukan mengokohkan materi #Matanajwametrotv,rt pimpin mendongrak kokoh materi
0,"Tdk cukup dg menonton saja, km harus masuk kedalamnya untuk melakukan perubahan Ahok MataNajwaMetroTV",tdk dg tonton km masuk ubah ahok matanajwametrotv
0,lembaga negara di indonesia bobrok semua...  #matanajwametrotv,lembaga negara indonesia bobrok
0,Org2 tolol. Dibilang DI DUGA dia udh mencak2. Yakin bgt jd tersangka #MataNajwaMetroTV,org tolol bilang duga udh mencak bgt jd sangka
0,ini apa banget deh gw paling kesel klo orang2 pada debat pake emosi gini @matanajwametrotv,deh gw kesel klo orang debat pake emosi gin
0,Orang miskin semakin miskin klo sekolah melakukan pungutan liar terus,orang miskin miskin klo sekolah pungut liar
0,"ga boLeh emosi, cepat tua, nonton #matanajwametrotv ,lihat bapak #hotmansutapea tiba2 ikut emosi bicara",emosi cepat tua nonton lihat emosi bicara
0,"dr penampilan saja kyk preman taunya bkin kisruh, perusak #matanajwametrotv",dr tampil kyk preman tau bkin kisruh usak
0,"Jawab aja ga usah berbelit-belit. Muter2 ga jelas, Buang2 waktu. ga mutu #matanajwametroTV",belit belit muter buang mutu
