tweet,clean_tweet
"Dengan dipimpin oleh Kepala Otorita yang ditunjuk langsung oleh Presiden, pembangunan IKN akan terus berkelanjutan dan berkesinambungan
#IbukotaNegara #IKN #Ekonomi #PEN https://t.co/9YxmomBY9z",pimpin kepala otorita langsung presiden bangun ikn lanjut sambung
"IKN Nusantara dijuluki Kota Dunia untuk Semua. Mewujudkan kota ideal untuk dihuni.
#IbukotaNegara #IKN #Ekonomi #PEN https://t.co/geAIexRdFh",ikn nusantara juluk kota dunia wujud kota ideal huni
"Ibu kota baru juga akan menjadi penggerak ekonomi di masa mendatang
#IbukotaNegara #IKN #Ekonomi #PEN https://t.co/eGMWmhZ6Fc",kota gerak ekonomi
"Ibu kota baru akan menjadi kota yang keren dengan tetap menjaga lingkungan
#IbukotaNegara #IKN #Ekonomi #PEN https://t.co/GABXbFc2Au",kota kota keren jaga lingkung
"Merata untuk semua. Percepatan pembangunan kini tak hanya di pulau jawa, beralih menjadi indonesia-sentris
#IbukotaNegara #IKN #Ekonomi #PEN https://t.co/S7Z9InSN4V",rata cepat bangun pulau jawa alih indonesia sentris
"Aktivis PMII Dukung Percepat Pindah IKN 
#IbukotaNegara
#IKN #SemangatNusantara https://t.co/zbsPEFueY5",aktivis pmii dukung cepat pindah ikn
"Aktivis PMII Dukung Percepat Pindah IKN 
#IbukotaNegara
#IKN #SemangatNusantara https://t.co/mvm4U5W8De",aktivis pmii dukung cepat pindah ikn
"Aktivis PMII Dukung Percepat Pindah IKN 
#IbukotaNegara
#IKN #SemangatNusantara https://t.co/lSRSw66IDB",aktivis pmii dukung cepat pindah ikn
"Apindo Kalimantan TImur Dukung Penuh dan Siap Kawal Pembangunan IKN Nusantara

#IbukotaNegara
#IKN #SemangatNusantara https://t.co/6qfrkgp1Xp",apindo kalimantan timur dukung penuh kawal bangun ikn nusantara
"Apindo Kalimantan TImur Dukung Penuh dan Siap Kawal Pembangunan IKN Nusantara

#IbukotaNegara
#IKN #SemangatNusantara https://t.co/mFCI6Mm5oZ",apindo kalimantan timur dukung penuh kawal bangun ikn nusantara
"Apindo Kalimantan TImur Dukung Penuh dan Siap Kawal Pembangunan IKN Nusantara

#IbukotaNegara
#IKN #SemangatNusantara https://t.co/POkV4PCZdh",apindo kalimantan timur dukung penuh kawal bangun ikn nusantara
"Apindo Kalimantan TImur Dukung Penuh dan Siap Kawal Pembangunan IKN Nusantara

#IbukotaNegara
#IKN #SemangatNusantara https://t.co/jC0eWLWyq4",apindo kalimantan timur dukung penuh kawal bangun ikn nusantara
"Dukungan Warga Balikpapan Untuk IKN Nusantara

#IbukotaNegara
#IKN #SemangatNusantara https://t.co/j8Emz3zegC",dukung warga balikpapan ikn nusantara
"Dukungan Warga Balikpapan Untuk IKN Nusantara

#IbukotaNegara
#IKN #SemangatNusantara https://t.co/sRwPpiasnB",dukung warga balikpapan ikn nusantara
"Dukungan Warga Balikpapan Untuk IKN Nusantara

#IbukotaNegara
#IKN #SemangatNusantara https://t.co/LKEaaYH7bk",dukung warga balikpapan ikn nusantara
"Dukungan Warga Balikpapan Untuk IKN Nusantara

#IbukotaNegara
#IKN #SemangatNusantara https://t.co/sAuXSHSd0N",dukung warga balikpapan ikn nusantara
"Aktivis PMII Dukung Percepat Pindah IKN 

#IbukotaNegara
#IKN #SemangatNusantara https://t.co/Hgn1pJKNZt",aktivis pmii dukung cepat pindah ikn
"Mahasiswa Sekolah Tinggi Ilmu Tarbiyah Dukung IKN Nusantara 

#IbukotaNegara
#IKN #SemangatNusantara https://t.co/8a3P57uSdc",mahasiswa sekolah ilmu tarbiyah dukung ikn nusantara
"Mahasiswa Sekolah Tinggi Ilmu Tarbiyah Dukung IKN Nusantara 

#IbukotaNegara
#IKN #SemangatNusantara https://t.co/IwGtyULEpp",mahasiswa sekolah ilmu tarbiyah dukung ikn nusantara
"Dukungan Mahasiswa Sekolah Tinggi Ilmu Tarbiyah Terhadap IKN Nusantara 

#IbukotaNegara
#IKN #SemangatNusantara https://t.co/sS9BZzjRKI",dukung mahasiswa sekolah ilmu tarbiyah ikn nusantara
"Dukungan Mahasiswa Sekolah Tinggi Ilmu Tarbiyah Terhadap IKN Nusantara 

#IbukotaNegara
#IKN #SemangatNusantara https://t.co/Ujs3ZYpGI9",dukung mahasiswa sekolah ilmu tarbiyah ikn nusantara
"BEM pesantren se kalimantan dukung upaya pemerintah memindahkan ibukota negara 
#IbukotaNegara
#IKN
#SemangatNusantara https://t.co/3YpLTQHxDd",bem pesantren kalimantan dukung upaya perintah pindah ibukota negara
"Pindah IKN Ke Kaltim Banyak Manfaat 
#IbukotaNegara
#IKN
#SemangatNusantara https://t.co/8aWioKTVrN",pindah ikn kaltim manfaat
"Pemuda Pancasila Dukung Pembangunan IKN 
#IbukotaNegara
#IKN
#SemangatNusantara https://t.co/vOrSDNgcA8",pemuda pancasila dukung bangun ikn
"5 Alasan Pindah Ibu Kota Negara 
#IbukotaNegara
#IKN
#SemangatNusantara https://t.co/kKiiIsBr92",alas pindah kota negara
"Masyarakat Sepakat Dengan Pemindahn IKN Ke Kaltim 
#IbukotaNegara
#IKN
#SemangatNusantara https://t.co/DrK1rBqnzb",masyarakat sepakat pemindahn ikn kaltim
"Pemindahan IKN Membantu Pemerataan Ekonomi dan Pembangunan 
#IbukotaNegara
#IKN
#SemangatNusantara https://t.co/tw2j4K6MFH",pindah ikn bantu perata ekonomi bangun
"5 Alasan Pindah Ibu Kota Negara 
#IbukotaNegara
#IKN
#SemangatNusantara https://t.co/t27YKRzfY0",alas pindah kota negara
"BEM pesantrean se-kalimantan dukung upaya pemerintah pindahkan ibukota
#IbukotaNegara
#IKN
#SemangatNusantara https://t.co/rZzSlpN0bj",bem pesantrean kalimantan dukung upaya perintah pindah ibukota
"5 alasan pindah IKN
#IbukotaNegara
#IKN
#SemangatNusantara https://t.co/u8tAaGlarA",alas pindah ikn
"Wakil ketua Dewan Eksekutif Mahasiswa STAI BalikPapan dukung IKN
#IbukotaNegara
#IKN
#SemangatNusantara https://t.co/JxO3xKRboy",wakil ketua dewan eksekutif mahasiswa stai balikpapan dukung ikn
"Pemindahan Ibu Kota Negara Ke Kaltim Berdampak Positif

#IbukotaNegara
#IKN
#SemangatNusantara https://t.co/IlOqZLgHI2",pindah kota negara kaltim dampak positif
"Pemindahan Ibu Kota Negara Ke Kaltim Berdampak Positif

#IbukotaNegara
#IKN
#SemangatNusantara https://t.co/JH1hwJWDzi",pindah kota negara kaltim dampak positif
"Pemuda Pancasila Dukung Pembangunan IKN

#IbukotaNegara
#IKN
#SemangatNusantara https://t.co/IqYrhaZPyb",pemuda pancasila dukung bangun ikn
"Pemuda Pancasila Dukung Pembangunan IKN

#IbukotaNegara
#IKN
#SemangatNusantara https://t.co/5MIqorpEx2",pemuda pancasila dukung bangun ikn
"Wakil Ketua Dewan Eksekutif Mahasiswa STAI Balikpapan Sepakat Pemindahan IKN Ke Kaltim untuk Pemerataan Ekonomi dan Infrastruktur

#IbukotaNegara
#IKN
#SemangatNusantara https://t.co/hoib2ToQQ9",wakil ketua dewan eksekutif mahasiswa stai balikpapan sepakat pindah ikn kaltim perata ekonomi infrastruktur
"Wakil Ketua Dewan Eksekutif Mahasiswa STAI Balikpapan Sepakat Pemindahan IKN Ke Kaltim untuk Pemerataan Ekonomi dan Infrastruktur

#IbukotaNegara
#IKN
#SemangatNusantara https://t.co/mzBjhyVFgR",wakil ketua dewan eksekutif mahasiswa stai balikpapan sepakat pindah ikn kaltim perata ekonomi infrastruktur
"Para Sultan, Ketua Adat, Ketua Kerukunan dan Tokoh Masyarakat Lainnya dari Kaltim Menyampaikan dukungan Kepada Pemerintah untuk Pembangunan IKN baru di Kalimantan

#IbukotaNegara
#IKN
#SemangatNusantara https://t.co/MHOmHnhwmR",sultan ketua adat ketua rukun tokoh masyarakat kaltim dukung perintah bangun ikn kalimantan
"Para Sultan, Ketua Adat, Ketua Kerukunan dan Tokoh Masyarakat Lainnya dari Kaltim Menyampaikan dukungan Kepada Pemerintah untuk Pembangunan IKN baru di Kalimantan

#IbukotaNegara
#IKN
#SemangatNusantara https://t.co/B950M1AEU2",sultan ketua adat ketua rukun tokoh masyarakat kaltim dukung perintah bangun ikn kalimantan
"5 Alasan Pindah Ibu Kota Negara

#IbukotaNegara
#IKN
#SemangatNusantara https://t.co/t4TjNcXV22",alas pindah kota negara
"5 Alasan Pindah Ibu Kota Negara

#IbukotaNegara
#IKN
#SemangatNusantara https://t.co/WzgboVpj1u",alas pindah kota negara
"5 Alasan Pindah Ibu Kota Negara
. 
. 
#IbukotaNegara
#IKN
#SemangatNusantara https://t.co/vN8uYnF0zp",alas pindah kota negara
"Wakil Ketua Dewan Eksekutif Mahasiswa STAI Balikpapan Sepakat Pemindahan IKN Ke Kaltim 

#IbukotaNegara
#IKN
#SemangatNusantara https://t.co/lTMmSDrxe1",wakil ketua dewan eksekutif mahasiswa stai balikpapan sepakat pindah ikn kaltim
"Wakil Ketua Dewan Eksekutif Mahasiswa STAI Balikpapan Sepakat Pemindahan IKN Ke Kaltim 

#IbukotaNegara
#IKN
#SemangatNusantara https://t.co/0oMXDW7lrS",wakil ketua dewan eksekutif mahasiswa stai balikpapan sepakat pindah ikn kaltim
"Dukungan pemindahan Ibukota negara karena sangat bermanfaaat bagi Indonesia

#IbukotaNegara
#IKN
#SemangatNusantara https://t.co/0DBVIzft45",dukung pindah ibukota negara bermanfaaat indonesia
"Dukungan pemindahan Ibukota negara karena sangat bermanfaaat bagi Indonesia

#IbukotaNegara
#IKN
#SemangatNusantara https://t.co/kY1ub9Pyof",dukung pindah ibukota negara bermanfaaat indonesia
"Alasan kenapa Ibu Kota Negara harus pindah
 
#IbukotaNegara
#IKN
#SemangatNusantara https://t.co/bCScKeqvuC",alas kota negara pindah
"Pemindahan Ibu Kota Negara membawa banyak manfaat
#IbukotaNegara
#IKN
#SemangatNusantara https://t.co/1CUbkzKFzW",pindah kota negara bawa manfaat
"BEM Pesantren se-Kalimantan pemindahan IKN ke Kalimantan üëç
#IbukotaNegara
#IKN
#SemangatNusantara https://t.co/spKqOPVqOY",bem pesantren kalimantan pindah ikn kalimantan
"BEM Pesantren Se Kalimantan dukung pemindahan IKN
#IbukotaNegara
#IKN
#SemangatNusantara https://t.co/WuZs8DiRrH",bem pesantren kalimantan dukung pindah ikn
"BEM Pesantren Se Kalimantan dukung pemindahan IKN
#IbukotaNegara
#IKN
#SemangatNusantara https://t.co/SVbGgUQ5EX",bem pesantren kalimantan dukung pindah ikn
"BEM Pesantren Se Kalimantan dukung pemindahan IKN
#IbukotaNegara
#IKN
#SemangatNusantara https://t.co/BF69nn8OMd",bem pesantren kalimantan dukung pindah ikn
"BEM Pesantren Se Kalimantan dukung pemindahan IKN
#IbukotaNegara
#IKN
#SemangatNusantara https://t.co/wFbTketJ0O",bem pesantren kalimantan dukung pindah ikn
"Katong dukung terus perpindahan Ibu Kota Negara, lebih cepat lebih baik üëè
#IbukotaNegara #IKN #SemangatNusantara https://t.co/pYnn1Povjf",katong dukung pindah kota negara cepat
"BEM Pesantren se Kalimantan dukung pemindahan IKN, #IbukotaNegara
#IKN
#SemangatNusantara https://t.co/pCMAcdyH9a",bem pesantren kalimantan dukung pindah ikn
"Seluruh BEM Pesantren se Kalimantan dukung pemindahan IKN, #IbukotaNegara
#IKN
#SemangatNusantara https://t.co/VdvkTm9yGk",bem pesantren kalimantan dukung pindah ikn
"5 alasan pindah IKN
#IbukotaNegara
#IKN
#SemangatNusantara https://t.co/WXdjjBfK0v",alas pindah ikn
"Seluruh BEM Pesantren se Kalimantan Dukung IKN, #IbukotaNegara
#IKN
#SemangatNusantara https://t.co/SlklIyxKOD",bem pesantren kalimantan dukung ikn
"ini alasan pemerintah kenapa mindahin ibu kota negara
#IbukotaNegara
#IKN
#SemangatNusantara https://t.co/NaNDXKD2AE",alas perintah mindahin kota negara
"#IbukotaNegara
#IKN
#SemangatNusantara

Alasan pindah ke IKN https://t.co/APmAebb2KS",alas pindah ikn
"5 alasan pindah ibu kota negara

#IbukotaNegara
#IKN
#SemangatNusantara https://t.co/OI9oOjymVF",alas pindah kota negara
"Wakil Ketua Dewan Eksekutif Mahasiswa sepakat pemindahan IKN ke Kaltim
#IbukotaNegara
#IKN
#SemangatNusantara https://t.co/DTFDDZUg5i",wakil ketua dewan eksekutif mahasiswa sepakat pindah ikn kaltim
"#IbukotaNegara
#IKN
#SemangatNusantara

Alasan kita pindah ke IKN https://t.co/OflbWvSjym",alas pindah ikn
"5 Alasan Pindah Ibukota Negara
#IbukotaNegara
#IKN
#SemangatNusantara https://t.co/zWY85vh2fL",alas pindah ibukota negara
"Rencana Sistem Transportasi Kereta Api Kawasan IKN
#IbukotaNegara
#IKN
#SemangatNusantara https://t.co/U3cOhMSbt5",rencana sistem transportasi kereta api kawasan ikn
"Ibu Kota Negara Selalu Menjadi Incaran Para Kombatan
#IbukotaNegara #IKN #Nusantara #iknbarunusantara #indoposco https://t.co/mso72d5kz9",kota negara incar kombat
"Berbagai Pihak dan Elemen Masyarakat mendukung penuh pemindahan IKN demi pemerataan ekonomi

#IbukotaNegara
#IKN
#SemangatNusantara https://t.co/aMj7OIirRA",elemen masyarakat dukung penuh pindah ikn perata ekonomi
"Berbagai Pihak dan Elemen Masyarakat mendukung penuh pemindahan IKN demi pemerataan ekonomi

#IbukotaNegara
#IKN
#SemangatNusantara https://t.co/r3b7d7zQy8",elemen masyarakat dukung penuh pindah ikn perata ekonomi
"Berbagai Pihak dan Elemen Masyarakat mendukung penuh pemindahan IKN demi pemerataan ekonomi

#IbukotaNegara
#IKN
#SemangatNusantara https://t.co/7IDfUNQYwW",elemen masyarakat dukung penuh pindah ikn perata ekonomi
"Berbagai Pihak dan Elemen Masyarakat mendukung penuh pemindahan IKN demi pemerataan ekonomi

#IbukotaNegara
#IKN
#SemangatNusantara https://t.co/gnGr99bc7n",elemen masyarakat dukung penuh pindah ikn perata ekonomi
"Berbagai Pihak dan Elemen Masyarakat mendukung penuh pemindahan IKN demi pemerataan ekonomi

#IbukotaNegara
#IKN
#SemangatNusantara https://t.co/znyCOnDZmb",elemen masyarakat dukung penuh pindah ikn perata ekonomi
"Berbagai Pihak dan Elemen Masyarakat mendukung penuh pemindahan IKN demi pemerataan ekonomi

#IbukotaNegara
#IKN
#SemangatNusantara https://t.co/HQuZmWXxVa",elemen masyarakat dukung penuh pindah ikn perata ekonomi
"Berbagai Pihak dan Elemen Masyarakat mendukung penuh pemindahan IKN demi pemerataan ekonomi

#IbukotaNegara
#IKN
#SemangatNusantara https://t.co/MR5cstQ1ib",elemen masyarakat dukung penuh pindah ikn perata ekonomi
"Berbagai Pihak dan Elemen Masyarakat mendukung penuh pemindahan IKN demi pemerataan ekonomi

#IbukotaNegara
#IKN
#SemangatNusantara https://t.co/VE2CcDuSXd",elemen masyarakat dukung penuh pindah ikn perata ekonomi
"Berbagai Pihak dan Elemen Masyarakat mendukung penuh pemindahan IKN demi pemerataan ekonomi

#IbukotaNegara
#IKN
#SemangatNusantara https://t.co/TfwL9zPW6L",elemen masyarakat dukung penuh pindah ikn perata ekonomi
"Soal IKN Baru, Para Sultan, Ketua Adat, dan Tokoh Masyarakat Kalimantan Dukung 100 Prosen.

#IbukotaNegara
#IKN
#SemangatNusantara https://t.co/u9tcnuNfGF",ikn sultan ketua adat tokoh masyarakat kalimantan dukung prosen
"Mahasiswa Sekolah Tinggi Agama Islam Balikpapan menyampaikan mendukung penuh pemindahan ibu kota negara baru ke Kalimantan
#IbukotaNegara
#IKN
#SemangatNusantara https://t.co/pYrXcQyuS4",mahasiswa sekolah agama islam balikpapan dukung penuh pindah kota negara kalimantan
"Lima alasan pindah ibukota negara
#IbukotaNegara
#IKN
#SemangatNusantara https://t.co/qVQPgOOAz8",alas pindah ibukota negara
"Banyak yang setuju atas pemindahan ibu kota negara baru

#IbukotaNegara
#IKN
#SemangatNusantara https://t.co/NhR0hnQXJy",tuju pindah kota negara
"Berbagai pihak mendukung pemindahan IKN ke Kaltim dengan harapan pembangunan dapat berjalan dengan baik. 
#IbukotaNegara
#IKN
#SemangatNusantara https://t.co/9m1WEM5NMb",dukung pindah ikn kaltim harap bangun jalan
"Perpindahan Ibu Kota Negara ke Kalimantan membawa banyak dampak positif bagi masyarakat dan kemajuan Indonesia
#IbukotaNegara
#IKN
#SemangatNusantara https://t.co/wz58ZyML8X",pindah kota negara kalimantan bawa dampak positif masyarakat maju indonesia
"Banyak elemen yang mendukun IKN Baru

#IbukotaNegara
#IKN
#SemangatNusantara https://t.co/ZtCRXgc0F2",elemen dukun ikn
"Basodara su tau mengapa perpindahan Ibu Kota Negara ini harus katong dukung? Simak ulasan dibawah ini üëá
#IbukotaNegara #IKN #SemangatNusantara https://t.co/bjiRwr4glM",basodara su tau pindah kota negara katong dukung simak ulas bawah
"Suara mahasiswa tentang perpindahan Ibu Kota Negara ""persiapan yang matang akan menghasilkan manfaat yang lebih banyak""
#IbukotaNegara #IKN #SemangatNusantara https://t.co/fkFrw36AxL",suara mahasiswa pindah kota negara siap matang hasil manfaat
"Pemindahan Ibu Kota Negara membawa banyak manfaat
#IbukotaNegara
#IKN
#SemangatNusantara https://t.co/lFqoTuO5OK",pindah kota negara bawa manfaat
"Kami sepakat pemindahan IKN
#IbukotaNegara
#IKN
#SemangatNusantara https://t.co/UOrsZ8QsJK",sepakat pindah ikn
"Semua mendukung Kaltim sbg IKN Nusantara
#IbukotaNegara
#IKN
#SemangatNusantara https://t.co/VYjp41w0MW",dukung kaltim sbg ikn nusantara
"Pemuda Pancasila dukung pembanguan IKN
#IbukotaNegara
#IKN
#SemangatNusantara https://t.co/3ybFd7i10K",pemuda pancasila dukung pembanguan ikn
"Ayo dukung dan kawal pembangunan IKN
#IbukotaNegara
#IKN
#SemangatNusantara https://t.co/TV9T3V0A03",ayo dukung kawal bangun ikn
"Pemindahan IKN banyak memberi manfaat
#IbukotaNegara
#IKN
#SemangatNusantara https://t.co/tPMvLnxzDh",pindah ikn manfaat
"Pindah IKN ke Kaltim banyak manfaat
#IbukotaNegara
#IKN
#SemangatNusantara https://t.co/Ps6iYBxTHN",pindah ikn kaltim manfaat
"Inilah beberapa alasan pemindahan Ibu Kota Negara. 
#IbukotaNegara
#IKN
#SemangatNusantara https://t.co/2Xo8cDD18X",alas pindah kota negara
"Inilah alasan pemindahan Ibu Kota Negara
#IbukotaNegara
#IKN
#SemangatNusantara https://t.co/SwInJVo0rZ",alas pindah kota negara
"Spread Effect IKN Bagi Intelligent City Tanah Air

#Nusantara #IKN #IbuKotaNegara #IbukotaBaru #IbuKotaNegaraBaru #RakyatMerdeka #RMid 
 https://t.co/KHRMNDSjTk",spread effect ikn intelligent city tanah air
"5 Alasan Pindah Ibu Kota Negara #IbukotaNegara
#IKN
#SemangatNusantara https://t.co/oPKOF99AHF",alas pindah kota negara
"Wakil Ketua Dewan Eksekutif Mahasiswa Sekolah Tinggi Agama Islam Balikpapan sepakat pemindahan IKN
#IbukotaNegara
#IKN
#SemangatNusantara https://t.co/Tj09iXJgNV",wakil ketua dewan eksekutif mahasiswa sekolah agama islam balikpapan sepakat pindah ikn
"Beberapa Alasan Pemindahan IKN

#IbukotaNegara
#IKN
#SemangatNusantara https://t.co/9Pcjolwu5x",alas pindah ikn
"Pemindahan IKN merupakan Harapan Semuanya

#IbukotaNegara
#IKN
#SemangatNusantara https://t.co/gbkh1rTCFW",pindah ikn harap
"5 Alasan Pindah Ibu Kota Negara

#IbukotaNegara
#IKN
#SemangatNusantara https://t.co/nhL2Tod5N9",alas pindah kota negara
"Wakikl Ketua Dewan Eksekutif Mahasiswa Sekolah Tinggi Agama Islam Balikpapan, sepakat pemindahan IKN ke Kaltim harapan kami semoga pembangunan dan pendidikan dapat berjalan dengan baik.
#IbukotaNegara
#IKN
#SemangatNusantara https://t.co/Yup6UKUEJN",wakikl ketua dewan eksekutif mahasiswa sekolah agama islam balikpapan sepakat pindah ikn kaltim harap moga bangun didik jalan
"Pemindahan ibu kota akan memberikan dampak positif dalam kemajuan ekonomi.
#IbukotaNegara
#IKN
#SemangatNusantara https://t.co/ZCANhQkblq",pindah kota dampak positif maju ekonomi
"5 alasan pindah ibu kota negara 

#IbukotaNegara
#IKN
#SemangatNusantara https://t.co/m0sE46fbE9",alas pindah kota negara
"@alisyarief 5 Alasan pindah Ibu Kota Negara
#IbukotaNegara
#IKN
#SemangatNusantara https://t.co/Ypwb9bn9mZ",alas pindah kota negara
"5 Alasan Pindah Ibu Kota Negara
#IbukotaNegara
#IKN
#SemangatNusantara https://t.co/BXRzxrkOrg",alas pindah kota negara
"Yuk simak ini 

#IbukotaNegara
#IKN
#SemangatNusantara https://t.co/lbzvSyc68U",yuk simak
"Ini alasan Ibukota dipindahkan
#IbukotaNegara
#IKN
#SemangatNusantara https://t.co/SSFFQm263B",alas ibukota pindah
"Berikut 5 Alasan Harus Pindah Ibu Kota Negara Indonesia.
.
.
#IbukotaNegara
#IKN
#SemangatNusantara https://t.co/pZ49vJ5c48",alas pindah kota negara indonesia
"5 Alasan Pindah Ibu Kota Negara, #IbukotaNegara
#IKN
#SemangatNusantara https://t.co/dzaBBzJfnX",alas pindah kota negara
"5 Alasan Pindah Ibu Kota Negara, #IbukotaNegara
#IKN
#SemangatNusantara https://t.co/6IpI6DTc5X",alas pindah kota negara
"Kami Sepakat Pemindahan IKN, Dapat Membantu Pemerataan Ekonomi dan Pembangunan
#IbukotaNegara
#IKN
#SemangatNusantara https://t.co/ORbkRaMAuF",sepakat pindah ikn bantu perata ekonomi bangun
"5 Alasan pindah Ibu Kota Negara, #IbukotaNegara
#IKN
#SemangatNusantara https://t.co/DZjO8YFhbN",alas pindah kota negara
"Kami Sepakat Pemindahan IKN Ke Kaltim Harapan Kami Semoga Pembangunan dan Pendidikan Dapat Berjalan dengan Baik
#IbukotaNegara
#IKN
#SemangatNusantara https://t.co/pe5djSKa8r",sepakat pindah ikn kaltim harap moga bangun didik jalan
"Pemuda Pancasila Dukung Pembangunan IKN
#IbukotaNegara
#IKN
#SemangatNusantara https://t.co/7pvOFuZltu",pemuda pancasila dukung bangun ikn
"Soal IKN Baru, Para Sultan, Ketua Adat dan Tokoh Masyarakat Dukung Pembangunan IKN
#IbukotaNegara
#IKN
#SemangatNusantara https://t.co/hnJUYgnAdJ",ikn sultan ketua adat tokoh masyarakat dukung bangun ikn
"5 Alasan pindah Ibu Kota Negara

#IbukotaNegara
#IKN
#SemangatNusantara https://t.co/RI431utLaD",alas pindah kota negara
"Inilah alasan ibu kota negara dipindahkan!! 
#IbukotaNegara
#IKN
#SemangatNusantara https://t.co/Nao7AX2qnV",alas kota negara pindah
"5 Alasan Pindah Ibu Kota Negara
#IbukotaNegara
#IKN
#SemangatNusantara https://t.co/eWAGMTuQ7I",alas pindah kota negara
Pemindahan IKN ke Kalimantan banyak memberikan manfaat bagi bangsa Indonesia #IbukotaNegara #IKN #SemangatNusantara https://t.co/WHilYQ8Gpq,pindah ikn kalimantan manfaat bangsa indonesia
"@KotaNusantara harus dipercepat
#IbukotaNegara
#IKN #SemangatNusantara",cepat
"@KotaNusantara sangat bagus
#IbukotaNegara
#IKN #SemangatNusantara",bagus
"@KotaNusantara tepat dan sasaran
#IbukotaNegara
#IKN #SemangatNusantara",sasar
"5 Alasan pindah ibukota negara
#IbukotaNegara
#IKN
#SemangatNusantara https://t.co/MDn2jFMELD",alas pindah ibukota negara
"@KotaNusantara IKN sealu dihati
#IbukotaNegara
#IKN #SemangatNusantara",ikn alu hati
"@KotaNusantara kerennn sekali 
#IbukotaNegara
#IKN #SemangatNusantara",kerennn
"@KotaNusantara tetap untuk menjadi yang terdepan
#IbukotaNegara
#IKN #SemangatNusantara",depan
"@KotaNusantara yukkk semakin mudah
#IbukotaNegara
#IKN #SemangatNusantara",yukkk mudah
"5 alasan pindah ibu kota negara

#IbukotaNegara
#IKN
#SemangatNusantara https://t.co/vQyuUYSMAu",alas pindah kota negara
"@KotaNusantara tetap dukung IKN
#IbukotaNegara
#IKN #SemangatNusantara",dukung ikn
"Ketua Dewan Eksekutif angkat bicara tentamg IKN baru

#IbukotaNegara
#IKN
#SemangatNusantara https://t.co/mnJyNxZrDV",ketua dewan eksekutif angkat bicara tentamg ikn
"Ketua Dewan Eksekutif Mahasiswa STAI Balikpapan Mendukung Pemindahan IKN Untuk Pembangunan dan Pendidikan

#IbukotaNegara
#IKN
#SemangatNusantara https://t.co/Z5ODsTOFdN",ketua dewan eksekutif mahasiswa stai balikpapan dukung pindah ikn bangun didik
"Ini 5 Alasan Pindah Ibu Kota Negara

#IbukotaNegara
#IKN
#SemangatNusantara https://t.co/mzq4k7QasL",alas pindah kota negara
"@KotaNusantara selalu dukung IKN
#IbukotaNegara
#IKN #SemangatNusantara",dukung ikn
"@KotaNusantara yukkkk dukung IKN
#IbukotaNegara
#IKN #SemangatNusantara",yukkkk dukung ikn
"@KotaNusantara dikareankan jakarta sudah padat
#IbukotaNegara
#IKN #SemangatNusantara",dikareankan jakarta padat
"@KotaNusantara harus segera di percepat
#IbukotaNegara
#IKN #SemangatNusantara",cepat
"@KotaNusantara wahhh gasabar nihh
#IbukotaNegara
#IKN #SemangatNusantara",wahhh gasabar nihh
"5 alasan pindah Ibu Kota Negara

#IbukotaNegara
#IKN
#SemangatNusantara https://t.co/gZZ32knR02",alas pindah kota negara
"5 Alasan Pindah Ibu Kota Negara 
Pemindahan Ibu Kota Negara (IKN) dari Jakarta ke Kalimantan Timur akan segera dilakukan.
 
#IbukotaNegara
#IKN
#SemangatNusantara https://t.co/aDGBraSEFp",alas pindah kota negara pindah kota negara ikn jakarta kalimantan timur
"5 Alasan Pindah Ibu Kota Negara

#IbukotaNegara
#IKN
#SemangatNusantara https://t.co/cPSyogbxa0",alas pindah kota negara
"Top News Koran Rakyat Merdeka

Kepala BIN: IKN Jawab Panggilan Sejarah 
Indonesia Sentris Kini Di Depan Mata

#Nusantara #IKN #IbuKotaNegara #IbukotaBaru #IbuKotaNegaraBaru #RakyatMerdeka #RMid 
 https://t.co/5k1eUTBzjM",top news koran rakyat merdeka kepala bin ikn panggil sejarah indonesia sentris mata
"Alasan Pindah ibu kota negara
#IbukotaNegara
#IKN
#SemangatNusantara https://t.co/BkijHPyTjw",alas pindah kota negara
"Alasan Pindah ibu kota negara
#IbukotaNegara
#IKN
#SemangatNusantara https://t.co/JWe2ncq4fO",alas pindah kota negara
"Alasan Pindah ibu kota negara
#IbukotaNegara
#IKN
#SemangatNusantara https://t.co/aN80ofHfEq",alas pindah kota negara
"Alasan Pindah ibu kota negara
#IbukotaNegara
#IKN
#SemangatNusantara https://t.co/eCGyAMVHYu",alas pindah kota negara
"Alasan Pindah ibu kota negara
#IbukotaNegara
#IKN
#SemangatNusantara https://t.co/ksYf6kSiyh",alas pindah kota negara
"5 Alasan Pindah Ibu Kota Negara, Pemindahan Ibu Kota Negara (IKN) dari Jakarta Ke Kalimantan Timur akan segera dilakukan.
#IbukotaNegara
#IKN
#SemangatNusantara https://t.co/0Ig9fHQqyn",alas pindah kota negara pindah kota negara ikn jakarta kalimantan timur
"Mahasiswa mendukung pemindahan IKN ke Kalimantan
#IbukotaNegara
#IKN
#SemangatNusantara https://t.co/Rk6KNXOxIf",mahasiswa dukung pindah ikn kalimantan
"Masyarakat Indonesia mendukung pemindahan IKN
#IbukotaNegara
#IKN
#SemangatNusantara https://t.co/FqIaTYkpFY",masyarakat indonesia dukung pindah ikn
"Pemuda Pancasila mendukung pemindahan IKN
#IbukotaNegara
#IKN
#SemangatNusantara https://t.co/p6ZQoXaOen",pemuda pancasila dukung pindah ikn
"5 alasan IKN harus pindah
#IbukotaNegara
#IKN
#SemangatNusantara https://t.co/Nw9mGdVLPH",alas ikn pindah
"Suara Mahasiswa : Pindah IKN ke Kaltim Banyak Manfaatnya
#IbukotaNegara
#IKN #SemangatNusantara https://t.co/612AHrqWAW",suara mahasiswa pindah ikn kaltim manfaat
"Pemuda Pancasila Dukung Pembangunan IKN Nusantara

#IbukotaNegara
#IKN #SemangatNusantara https://t.co/fRL2t5AtJq",pemuda pancasila dukung bangun ikn nusantara
"Tokoh Mahasiswa Balikapapn Sepakat Pemindahan IKN Nusantara Dapat Membantu Pemerataan Ekonomi dan Pembangunan

#IbukotaNegara
#IKN #SemangatNusantara https://t.co/PBhTGDEm0Q",tokoh mahasiswa balikapapn sepakat pindah ikn nusantara bantu perata ekonomi bangun
"Wakil Ketua Dewan Eksekutif Mahasiswa Sekolah Tinggi Agama Islam Balikpapan Sepakat Dukung IKN Nusantara

#IbukotaNegara
#IKN #SemangatNusantara https://t.co/XJmNwBgGYS",wakil ketua dewan eksekutif mahasiswa sekolah agama islam balikpapan sepakat dukung ikn nusantara
"Wakil Ketua Dewan Eksekutif Mahasiswa Sekolah Tinggi Agama Islam Balikpapan Sepakat Dukung IKN Nusantara

#IbukotaNegara
#IKN #SemangatNusantara https://t.co/EU9q3aoC64",wakil ketua dewan eksekutif mahasiswa sekolah agama islam balikpapan sepakat dukung ikn nusantara
"Wakil Ketua Dewan Eksekutif Mahasiswa Sekolah Tinggi Agama Islam Balikpapan Sepakat Dukung IKN Nusantara

#IbukotaNegara
#IKN #SemangatNusantara https://t.co/j3wGbYl3s3",wakil ketua dewan eksekutif mahasiswa sekolah agama islam balikpapan sepakat dukung ikn nusantara
"Wakil Ketua Dewan Eksekutif Mahasiswa Sekolah Tinggi Agama Islam Balikpapan Sepakat Dukung IKN Nusantara

#IbukotaNegara
#IKN #SemangatNusantara https://t.co/UCetPfJObk",wakil ketua dewan eksekutif mahasiswa sekolah agama islam balikpapan sepakat dukung ikn nusantara
"Ini Dia 5 Alasan Pindah Ibu Kota Negara

#IbukotaNegara
#IKN #SemangatNusantara https://t.co/TanrobqD15",alas pindah kota negara
"Ini Dia 5 Alasan Pindah Ibu Kota Negara

#IbukotaNegara
#IKN #SemangatNusantara https://t.co/pedby7IFEv",alas pindah kota negara
"Ini Dia 5 Alasan Pindah Ibu Kota Negara

#IbukotaNegara
#IKN #SemangatNusantara https://t.co/2Le1Pyzs7Y",alas pindah kota negara
"Ini Dia 5 Alasan Pindah Ibu Kota Negara

#IbukotaNegara
#IKN #SemangatNusantara https://t.co/DgplpZsj2B",alas pindah kota negara
"Para Sultan, Ketua Adat, dan Tokoh Masyarakat Kalimantan 100% Dukung IKN Nusantara

#IbukotaNegara
#IKN #SemangatNusantara https://t.co/3irhGuNNbF",sultan ketua adat tokoh masyarakat kalimantan dukung ikn nusantara
"@DandiHandoko semuanya sudah diperhitungakan, termasuk satwa dan budaya yang akan tetap pada hakikatnya
#IbukotaNegara
#IKN
#SemangatNusantara https://t.co/ZgSsWSuaI7",diperhitungakan satwa budaya hakikat
"@DandiHandoko Sila ke 5 berusaha di realisasikan oleh Presiden, kesejahteraan tidak hanya milik masyarakat Jawa saja.. 
#IbukotaNegara
#IKN
#SemangatNusantara https://t.co/O9omWxLjAz",sila usaha realisasi presiden sejahtera milik masyarakat jawa
"@dodiakong hati-hati buzzer penolakan IKN, meraka tidak mengerti konsep dan benefitnya, hanya menjalankan sesuai pesanan dan porsi bayaran
#IbukotaNegara
#IKN
#SemangatNusantara https://t.co/IeaOKiNzbK",hati hati buzzer tolak ikn raka erti konsep benefitnya jalan sesuai pesan porsi bayar
"Nusantara akan menjadi sejarah Kota Maju
#IbukotaNegara
#IKN
#SemangatNusantara https://t.co/hHpdt2v9kw",nusantara sejarah kota maju
"@Radar_Cirebon semakin banyak pun anak bangsa yang mencapai cita-citanya untuk menjadi abdi negara
#IbukotaNegara
#IKN
#SemangatNusantara https://t.co/ZILjFE8sV4",anak bangsa capai cita cita abdi negara
"@SaniaNurRahma1 yuk fahami alasannya, yuk fahami keuntungannya.. untuk anak cucu kita di masa depan, dan untuk Indonesia semakin maju
#IbukotaNegara
#IKN
#SemangatNusantara https://t.co/T7YCfo4R3w",yuk fahami alas yuk fahami untung anak cucu indonesia maju
"@SaniaNurRahma1 yang menolak dengan pemindahan Ibu Kota Negara itu belum faham dengan permasalahan dan keuntungannnya
#IbukotaNegara
#IKN
#SemangatNusantara https://t.co/R4vAEN508e",tolak pindah kota negara faham masalah keuntungannnya
"@SaniaNurRahma1 Konsep ramah lingkungan untuk Ibu Kota Negara
#IbukotaNegara
#IKN
#SemangatNusantara https://t.co/8OkH7o9ous",konsep ramah lingkung kota negara
"Indonesia akan mempunya konsep Ibu Kota Negara yang ramah lingkungan
#IbukotaNegara
#IKN
#SemangatNusantara https://t.co/mCglzil1gP",indonesia punya konsep kota negara ramah lingkung
"@rizky_1403 Konsep kota spons ini akan memberikan manfaat permanen air untuk tambahan ketersediaan air dan pengurangan bahaya banjir
#IbukotaNegara
#IKN
#SemangatNusantara https://t.co/A3fXsT9Bv6",konsep kota spons manfaat permanen air tambah sedia air kurang bahaya banjir
"@jokowi manfaat konsep kota spons apa manfaatnya? simak ini
#IbukotaNegara
#IKN
#SemangatNusantara https://t.co/dVJEpHtHw1",manfaat konsep kota spons manfaat simak
"@msaid_didu buat apa sih konsep kota spons?
#IbukotaNegara
#IKN
#SemangatNusantara https://t.co/cFarF2f0PR",sih konsep kota spons
"IKN Nusantara akann menerapkan konsep kota Spons
untuk apa? baca ini...
#IbukotaNegara
#IKN
#SemangatNusantara https://t.co/cuTCXwoa1T",ikn nusantara akann terap konsep kota spons baca
"Patok Kawasan Inti IKN di Sepaku Dipasang, Puluhan Rumah Warga dan Kebun Ditandai, Kapan Direlokasi?
 
#IKN #IbuKotaNegara #Sepaku #IKNNusantara #PPU #Sepaku #PenajamPaserUtara #Kaltim #KalimantanTimur

https://t.co/KwVzjO28Du lewat @tribunkaltim",patok kawasan inti ikn paku pasang puluh rumah warga kebun tanda relokasi
"Menara Pandang IKN Nusantara

#menarapandang #IbukotaNegara #ikn #iknnusantara #indonesia #jakarta #balikpapan #ppu https://t.co/ryABNeGpjC",menara pandang ikn nusantara
"Dukungan IKN Dari Pengusaha Balikpapan

#IbukotaNegara
#IKN
#SemangatNusantara https://t.co/sQkmX6ZjOA",dukung ikn usaha balikpapan
"Rencana Sistem Transportasi Kereta Api Kawasan Ibu Kota Negara

#IbukotaNegara
#IKN
#SemangatNusantara https://t.co/hLNBK0yFQF",rencana sistem transportasi kereta api kawasan kota negara
"Dukung IKN Dari Penguasa Balikpapan, IKN Akan Sangat Berpengaruh Besar Sebagai Ibu Kota Negara Indonesia.
.
.
#IbukotaNegara
#IKN
#SemangatNusantara https://t.co/N15zv6QmwN",dukung ikn kuasa balikpapan ikn pengaruh kota negara indonesia
"Ibu Kota baru dibangun dengan konsep modern

#IbukotaNegara
#IKN
#SemangatNusantara https://t.co/DL7rLyO0vD",kota bangun konsep modern
"Kepala BIN:IKN Nusantara jadi pusat peradaban baru di Indonesia

#IbukotaNegara
#IKN
#SemangatNusantara https://t.co/xsHOht1638",kepala bin ikn nusantara pusat adab indonesia
"Harapan pelaku UMKM di IKN Baru

#IbukotaNegara
#IKN
#SemangatNusantara https://t.co/Ft3zHqbrD6",harap laku umkm ikn
"IKN Nusantara jadi pusat peradaban baru

#IbukotaNegara
#IKN
#SemangatNusantara https://t.co/2IVjdEeqLG",ikn nusantara pusat adab
"IKN Nusantara dibangun dengan konsep modern berteknologi tinggi

#IbukotaNegara
#IKN
#SemangatNusantara https://t.co/OsJjuI5zzY",ikn nusantara bangun konsep modern teknologi
"Akses cepat 
#IbukotaNegara
#IKN
#SemangatNusantara https://t.co/XNxQLxRDgS",akses cepat
"Perpindahan Ibu Kota Negara ini tentu saja tidak hanya menguntungkan rakyat IKN namun semua warga Indonesia. 
Mengapa? Mari kita simak tayangan berikut
#IbukotaNegara 
#IKN
#SemangatNusantara https://t.co/II4kREJyUK",pindah kota negara untung rakyat ikn warga indonesia mari simak tayang
"Dukungan Pelaku Usaha Dalam Mendukung IKN

#IbukotaNegara
#IKN
#SemangatNusantara https://t.co/VfZOGyq8W4",dukung laku usaha dukung ikn
"Wah.. Smart city? Ayo dukung Indonesia dengan perpindahan Ibu Kota Negara nya üòé
#IbukotaNegara
#IKN 
#SemangatNusantara https://t.co/z4TCucrmqT",smart city ayo dukung indonesia pindah kota negara nya
"Rencana sistem kereta api di IKN

#IbukotaNegara
#IKN
#SemangatNusantara https://t.co/VNjhNycgQs",rencana sistem kereta api ikn
"Pindah IKN untuk pemerataan pendidikan

#IbukotaNegara
#IKN
#SemangatNusantara https://t.co/Hc18G67w7z",pindah ikn perata didik
"Agar lebih optimal
#IbukotaNegara
#IKN
#SemangatNusantara https://t.co/HQbZsLVal2",optimal
"Rencana Sistem Transportasi Kereta Api Kawasan Ibu Kota Negara

#IbukotaNegara
#IKN
#SemangatNusantara https://t.co/G4gtuYZl6F",rencana sistem transportasi kereta api kawasan kota negara
Program pemindahan IKN merupakan wujud pemerataan pendidikan di Indonesia  #IbukotaNegara #IKN #SemangatNusantara https://t.co/i7KoD2hOVB,program pindah ikn wujud perata didik indonesia
"Pindah IKN Untuk Pemerataan Pendidikan

#IbukotaNegara
#IKN
#SemangatNusantara https://t.co/8ljWEphdtl",pindah ikn perata didik
"Harapan Pelaku UMKM Terhadap IKN Nusantara

#IbukotaNegara
#IKN
#SemangatNusantara https://t.co/jophoRXF8h",harap laku umkm ikn nusantara
"Rencana Sistem Transportasi Kereta Api Kawasan IKN

#IbukotaNegara
#IKN
#SemangatNusantara https://t.co/pgmWjAOHGp",rencana sistem transportasi kereta api kawasan ikn
"IKN Nusantara Jadi Pusat Peradaban Baru
#IbukotaNegara
#IKN
#SemangatNusantara https://t.co/I7C1RkYd1W",ikn nusantara pusat adab
"IKN Nusantara Jadi Pusat Peradaban Baru Indonesia

#IbukotaNegara
#IKN
#SemangatNusantara https://t.co/b8tjdgBll3",ikn nusantara pusat adab indonesia
"Rencana Sistem Transportasi Kereta Api Kawasan IKN

#IbukotaNegara
#IKN
#SemangatNusantara https://t.co/YekFlSlStX",rencana sistem transportasi kereta api kawasan ikn
"Dukungan IKN dari Pengusaha Balikpapan

#IbukotaNegara
#IKN
#SemangatNusantara https://t.co/zpdlYEDM1R",dukung ikn usaha balikpapan
"IKN Nusantara Jadi Pusat Peradaban Baru di Indonesia

#IbukotaNegara
#IKN
#SemangatNusantara https://t.co/ExxxXZsvko",ikn nusantara pusat adab indonesia
"IKN Nusantara Dibangun dengan Konsep Modern Berteknologi Tinggi Layak Sebuah Smart City

#IbukotaNegara
#IKN
#SemangatNusantara https://t.co/xgebSF7q0b",ikn nusantara bangun konsep modern teknologi layak smart city
"IKN Nusantara dibangun Dengan Konsep Modern
#IbukotaNegara
#IKN
#SemangatNusantara https://t.co/h43UXY7bzs",ikn nusantara bangun konsep modern
"Dukungan Pelaku Usaha Dalam Mendukung IKN

#IbukotaNegara
#IKN
#SemangatNusantara https://t.co/mqZBY9PN3J",dukung laku usaha dukung ikn
"Pindah IKN Untuk Pemerataan Pendidikan

#IbukotaNegara
#IKN
#SemangatNusantara https://t.co/mfDZa0r7Ov",pindah ikn perata didik
"Harapan Pelaku UMKM Terhadap IKN Nusantara

#IbukotaNegara
#IKN
#SemangatNusantara https://t.co/SrFtSYWubk",harap laku umkm ikn nusantara
"Kepala BIN : IKN Nusantara Jadi Pusat Peradaban Baru Di Indonesia
#IbukotaNegara
#IKN
#SemangatNusantara https://t.co/VL39RrFnCt",kepala bin ikn nusantara pusat adab indonesia
"Rencana Sistem Transportasi Kereta Api Kawasan IKN

#IbukotaNegara
#IKN
#SemangatNusantara https://t.co/1Wy65P5yrX",rencana sistem transportasi kereta api kawasan ikn
"IKN Nusantara Jadi Pusat Peradaban Baru Indonesia

#IbukotaNegara
#IKN
#SemangatNusantara https://t.co/VKC3gKPdja",ikn nusantara pusat adab indonesia
"Ibu Kota Baru di Kota Kalimantan Timur

#IbukotaNegara
#IKN
#SemangatNusantara https://t.co/ovjYVUcX6Z",kota kota kalimantan timur
"Rencana Sistem Transportasi Kereta Api Kawasan IKN

#IbukotaNegara
#IKN
#SemangatNusantara https://t.co/zzzZkXfXTI",rencana sistem transportasi kereta api kawasan ikn
"Dukungan IKN dari Pengusaha Balikpapan

#IbukotaNegara
#IKN
#SemangatNusantara https://t.co/vL29eTCTjH",dukung ikn usaha balikpapan
"Dukung Pelaku usaha

#IbukotaNegara
#IKN
#SemangatNusantara https://t.co/OML29LIkuS",dukung laku usaha
"IKN Nusantara Jadi Pusat Peradaban Baru di Indonesia

#IbukotaNegara
#IKN
#SemangatNusantara https://t.co/dgeDO7sS8Z",ikn nusantara pusat adab indonesia
"Harapan pelaku UMKM

#IbukotaNegara
#IKN
#SemangatNusantara https://t.co/s1HOmfv6MO",harap laku umkm
"IKN Nusantara Dibangun dengan Konsep Modern Berteknologi Tinggi Layak Sebuah Smart City

#IbukotaNegara
#IKN
#SemangatNusantara https://t.co/mRHNzI6mQi",ikn nusantara bangun konsep modern teknologi layak smart city
"Ibu kota negara maju
#IbukotaNegara
#IKN
#SemangatNusantara https://t.co/5lNwoncR0m",kota negara maju
"IKN Nusantara jadi pusat peradaban baru di Indonesia 
#IbukotaNegara
#IKN
#SemangatNusantara https://t.co/q4VedC5vfT",ikn nusantara pusat adab indonesia
"IKN Nusantara jadi pusat peradaban baru di Indonesia 
#IbukotaNegara
#IKN
#SemangatNusantara https://t.co/WFHtBZEyCf",ikn nusantara pusat adab indonesia
"IKN Nusantara jadi pusat peradaban baru di Indonesia 
#IbukotaNegara
#IKN
#SemangatNusantara https://t.co/oERy80HkE0",ikn nusantara pusat adab indonesia
"IKN Nusantara jadi pusat peradaban baru di Indonesia 
#IbukotaNegara
#IKN
#SemangatNusantara https://t.co/1XgcaySk6i",ikn nusantara pusat adab indonesia
"Pusat Perdagangan Baru. 

#IbukotaNegara
#IKN
#SemangatNusantara https://t.co/5DOfFKXCnW",pusat dagang
"IKN LUAR BIASA. 

#IbukotaNegara
#IKN
#SemangatNusantara https://t.co/mbsW3T8zxq",ikn
"Dukungan IKN Dari Pengusaha Balikpapan.
#IbukotaNegara
#IKN
#SemangatNusantara https://t.co/hdCG8TClu7",dukung ikn usaha balikpapan
"Pemindahan IKN untuk pemerataan pendidikan
#IbukotaNegara
#IKN
#SemangatNusantara https://t.co/pOdMZPni5B",pindah ikn perata didik
"Ikn luar biasa. 

#IbukotaNegara
#IKN
#SemangatNusantara https://t.co/6fau4Oj3VT",ikn
"IKN dibangun dengan konsep modern berteknologi tinggi layak sebuah smart city
#IbukotaNegara
#IKN
#SemangatNusantara https://t.co/SMcONOcp9H",ikn bangun konsep modern teknologi layak smart city
"Rencana sistem transportasi kereta api kawasan ibu kota negara
#IbukotaNegara
#IKN
#SemangatNusantara https://t.co/y7mAkE1bxY",rencana sistem transportasi kereta api kawasan kota negara
"Dukungan IKN dari pengusahan Balikpapan
#IbukotaNegara
#IKN
#SemangatNusantara https://t.co/N3VvA7RpXN",dukung ikn usah balikpapan
"@kang_bojes Bang @kang_bojes kok namanya kang jones ya? #IbukotaNegara
#IKN
#SemangatNusantara",bang nama kang jones ya
"Ibu kota negara baru Indonesia lebih maju

#IbukotaNegara
#IKN
#SemangatNusantara https://t.co/qq680znBPG",kota negara indonesia maju
"Rencana sistem transportasi kereta api kawasan ibu kota negara
#IbukotaNegara
#IKN
#SemangatNusantara https://t.co/O1rxANeieh",rencana sistem transportasi kereta api kawasan kota negara
"Dukungan IKN dari pengusaha Balikpapan
#IbukotaNegara
#IKN
#SemangatNusantara https://t.co/u2ylzlgg1E",dukung ikn usaha balikpapan
"IKN Simbol Kemajuan Bangsa Indonesia 

#IbukotaNegara
#IKN
#SemangatNusantara https://t.co/Cwo8zqeQxi",ikn simbol maju bangsa indonesia
"IKN Simbol Kemajuan Bangsa Indonesia 

#IbukotaNegara
#IKN
#SemangatNusantara https://t.co/Y6wYdSUa5q",ikn simbol maju bangsa indonesia
"IKN Simbol Kemajuan Bangsa Indonesia 

#IbukotaNegara
#IKN
#SemangatNusantara https://t.co/7Z3Zsq3k1I",ikn simbol maju bangsa indonesia
"IKN Simbol Kemajuan Bangsa Indonesia 

#IbukotaNegara
#IKN
#SemangatNusantara https://t.co/KqDlC0upQ6",ikn simbol maju bangsa indonesia
"Dukungan IKN dari pengusaha balikpapan
#IbukotaNegara
#IKN
#SemangatNusantara https://t.co/8PXAVYa7jE",dukung ikn usaha balikpapan
"#IbukotaNegara
#IKN
#SemangatNusantara
Tidak ada tempat untuk koruptor https://t.co/D6N2rUBtkK",koruptor
"#IbukotaNegara
#IKN
#SemangatNusantara
Tidak ada ruang untuk koruptor https://t.co/Gws0WWC6Pn",ruang koruptor
"Rencana Sistem Kerata Api di IKN 
#IbukotaNegara
#IKN
#SemangatNusantara https://t.co/LdgzbsWbp9",rencana sistem rata api ikn
"Rencana Sistem Transportasi Kereta Api Kawasan Ibu Kota Negera 

#IbukotaNegara
#IKN
#SemangatNusantara https://t.co/tCdfQm0KhW",rencana sistem transportasi kereta api kawasan kota negera
"@geloraco Rencana sistem transportasi kereta api kawasan ibu kota negara
#IbukotaNegara
#IKN
#SemangatNusantara https://t.co/FWkmhqTg3k",rencana sistem transportasi kereta api kawasan kota negara
"Patok Kawasan Inti IKN di Sepaku Dipasang, Puluhan Rumah Warga dan Kebun Ditandai, Kapan Direlokasi?
 
#IKN #IbuKotaNegara #Sepaku #IKNNusantara #PPU #Sepaku #PenajamPaserUtara #Kaltim #KalimantanTimur

https://t.co/KwVzjO2Gt2 lewat @tribunkaltim",patok kawasan inti ikn paku pasang puluh rumah warga kebun tanda relokasi
"Pemindahan Ibu Kota merupakan peluang besar dalam menciptakan ruang investasi yang lebih luas lagi.
#IbukotaNegara
#IKN
#SemangatNusantara https://t.co/5Qq5IyJ3RY",pindah kota peluang cipta ruang investasi luas
"Ada Kereta Api di IKN

#IbukotaNegara
#IKN
#SemangatNusantara https://t.co/6ScGVWA12a",kereta api ikn
"Dukung Pemindahan IKN

#IbukotaNegara
#IKN
#SemangatNusantara https://t.co/F9p4wLGRVS",dukung pindah ikn
"Rencana Sistem Transportasi Kereta Api Kawasan Ibu Kota Negara

#IbukotaNegara
#IKN
#SemangatNusantara https://t.co/hXX6Ce3wyc",rencana sistem transportasi kereta api kawasan kota negara
"Dukung IKN Baru, Untuk Indonesia Maju

#IbukotaNegara
#IKN
#SemangatNusantara https://t.co/zp8IGXFaC4",dukung ikn indonesia maju
"Sistem transportasi perkeretaapian di kawasan Ibu Kota Negara dirancang untuk mengoptimalkan sistem kereta api regional untuk mewujudukan akses cepat dan langsung ke Kawasan Tiga Kota, Pelabuhan dan Bandara.

#IbukotaNegara
#IKN
#SemangatNusantara https://t.co/wLtFU6lsFC",sistem transportasi perkeretaapian kawasan kota negara rancang optimal sistem kereta api regional mewujudukan akses cepat langsung kawasan kota labuh bandara
"Rencana Sistem Transportasi Kereta Api Kawasan Ibu Kota Negara #IbukotaNegara
#IKN
#SemangatNusantara https://t.co/7cETdeCVTK",rencana sistem transportasi kereta api kawasan kota negara
Ayo kita dukung pemindahan Ibu Kota Negara baru #IbukotaNegara #IKN #SemangatNusantara #isramiraj https://t.co/BwIzMYmEGE,ayo dukung pindah kota negara
Salah satu tujuan pemindahan ibukota negara yaitu pemerataan pendidikan #IbukotaNegara #IKN #SemangatNusantara https://t.co/agJBF1R39I,salah tuju pindah ibukota negara perata didik
"Dukungan Pelaku Usaha Dalam Mendukung IKN 
#IbukotaNegara
#IKN
#SemangatNusantara https://t.co/E2U19p3BAu",dukung laku usaha dukung ikn
"Pindah IKN Untuk Pemerataan Pendidikan 
#IbukotaNegara
#IKN
#SemangatNusantara https://t.co/C2ESdUcGCg",pindah ikn perata didik
"Harapan Pelaku UMKM Terhadap IKN Nusantara 
#IbukotaNegara
#IKN
#SemangatNusantara https://t.co/NsHHCEznMb",harap laku umkm ikn nusantara
"Rencana Sistem Kereta Api di IKN 
#IbukotaNegara
#IKN
#SemangatNusantara https://t.co/vmX3EpYHNE",rencana sistem kereta api ikn
"Rencana Sistem Transportasi Kereta Api Kawasan IKN 
#IbukotaNegara
#IKN
#SemangatNusantara https://t.co/ZJDGRWcPP4",rencana sistem transportasi kereta api kawasan ikn
"Dukungan IKN Dari Pengusaha Balikpapan 
#IbukotaNegara
#IKN
#SemangatNusantara https://t.co/iOHQMBYP8W",dukung ikn usaha balikpapan
"#IbukotaNegara
#IKN
#SemangatNusantara 
Dukung IKN untuk Indonesia Lebih Baik https://t.co/8hptdCTqZY",dukung ikn indonesia
"Dukungan Pemindahan IKN Dari Pengusaha Balikpapan
#IbukotaNegara
#IKN
#SemangatNusantara https://t.co/W7CsNpik1U",dukung pindah ikn usaha balikpapan
"Dukung IKN demi kesejahteraan masyarakat ‚ù§
#IbukotaNegara #IKN #SemangatNusantara https://t.co/RdvUs1LLYY",dukung ikn sejahtera masyarakat
"Gimana sih rencana pembangunan prasarana KAI di IKN? Yuk kita simak sama-sama 
#IbukotaNegara #IKN #SemangatNusantara https://t.co/cGO49ztwcq",gimana sih rencana bangun prasarana kai ikn yuk simak
"Konsep perencanaan pembangunan sistem perkeretaapian di Ibu Kota Negara diturunkan dari visi pembangunan Ibu Kota Negara itu sendiri yakni : Smart rail Transport, 
Green rail transport, Sustainable rail transport 
#SemangatNusantara #IKN #IbukotaNegara https://t.co/90K3uotKRy",konsep rencana bangun sistem perkeretaapian kota negara turun visi bangun kota negara smart rail transport green rail transport sustainable rail transport
"Dukungan IKN dari pengusaha Balikpapan
#IbukotaNegara
#IKN
#SemangatNusantara https://t.co/OY8ZurhOr0",dukung ikn usaha balikpapan
"Pindah IKN untuk pemerataan pendidikan
#IbukotaNegara
#IKN
#SemangatNusantara https://t.co/u5gOV2QdIB",pindah ikn perata didik
"Dukungan pelaku usaha terhadap pembangunan IKN Nusantara
#IbukotaNegara
#IKN
#SemangatNusantara https://t.co/zEXwofJD5u",dukung laku usaha bangun ikn nusantara
"Masyarakat Indonesia mendukung pembangunan IKN Nusantara
#IbukotaNegara
#IKN
#SemangatNusantara https://t.co/psGV07wpDv",masyarakat indonesia dukung bangun ikn nusantara
"Rencana Sistem Transportasi Kereta Api Kawasan Ibu Kota Negara, #IbukotaNegara
#IKN
#SemangatNusantara https://t.co/31qC3IZkKO",rencana sistem transportasi kereta api kawasan kota negara
"Rencana sistem transportasi kereta api kawasan IKN
#IbukotaNegara
#IKN
#SemangatNusantara https://t.co/1CHlX18FIS",rencana sistem transportasi kereta api kawasan ikn
"Harapan pelaku UMKM terhadap pembangunan IKN Nusantara
#IbukotaNegara
#IKN
#SemangatNusantara https://t.co/QBgfpC4ISX",harap laku umkm bangun ikn nusantara
"Rencana sistem transportasi kereta api kawasan IKN
#IbukotaNegara
#IKN
#SemangatNusantara https://t.co/Uqxjl6IZDv",rencana sistem transportasi kereta api kawasan ikn
"Rencana sistem transportasi kereta api kawasan ibu kota negara, #IbukotaNegara
#IKN
#SemangatNusantara https://t.co/HR2MWCPQ3L",rencana sistem transportasi kereta api kawasan kota negara
"Rencana sistem transportasi kereta api Ibu Kota Negara, #IbukotaNegara
#IKN
#SemangatNusantara https://t.co/YKXTje612P",rencana sistem transportasi kereta api kota negara
Dukungan IKN dari pengusaha Balikpapan ! Saya mendukung pemindahan IKN dan mengajak kawan-kawan pengusaha lainnya untuk mendukung IKN Pindah ke Kaltim ! #SemangatNusantara #IKN #IbukotaNegara https://t.co/w59784hsAH,dukung ikn usaha balikpapan dukung pindah ikn ajak kawan kawan usaha dukung ikn pindah kaltim
"Indonesia butuh ibukota baru
#IbukotaNegara
#IKN
#SemangatNusantara https://t.co/lv9QY8vKTl",indonesia butuh ibukota
"Dukungan IKN dari pengusaha Balikpapan

#IbukotaNegara
#IKN
#SemangatNusantara https://t.co/xxR74QE2MU",dukung ikn usaha balikpapan
"Pengusaha se-Balikpapan dukung pemindahan IKN
#IbukotaNegara
#IKN
#SemangatNusantara https://t.co/CrKxvZaF9o",usaha balikpapan dukung pindah ikn
Dukungan penuh pembangunan IKN Nusantara #IKN #SemangatNusantara #IbukotaNegara https://t.co/dfKcRQMBRV,dukung penuh bangun ikn nusantara
IKN mesin baru penggerak ekonomi RI #IbukotaNegara #IKN #SemangatNusantara https://t.co/G6BJlg0T6u,ikn mesin gerak ekonomi ri
"_*Pak Presiden, IKN Jadikan KEK Saja! Ini Kajiannya*_

#Derap2024
#MerdekaüíØ%
#IKN.
#KEK
#IbukotaNegara
https://t.co/bensektln0",presiden ikn jadi kek kaji
"Dukungan terus berdatangan untuk IKN di Kaltim
#IbukotaNegara
#IKN
#SemangatNusantara https://t.co/nZcULMhqFs",dukung ikn kaltim
"Pemindahakn IKN pasti bakal berdampak positif terhadap UMKM guys...
#IbukotaNegara
#IKN
#SemangatNusantara https://t.co/lJSruTTx4Q",pemindahakn ikn dampak positif umkm guys
"Warga Gereja Kemah Injil Indonesia juga dukung IKN mantap 
#IbukotaNegara
#IKN
#SemangatNusantara https://t.co/dLjgT6NapC",warga gereja kemah injil indonesia dukung ikn mantap
"@info_b4ngsa Mantappp, scooteris balikpapan juga ga mau kalah dukung IKN lhoo...
#IbukotaNegara
#IKN
#SemangatNusantara https://t.co/tITJDYXBHR",mantappp scooteris balikpapan ga kalah dukung ikn lhoo
"IKN adalah bukti kebesaran bangsa, sbg respon komitmen Indonesia dlm penanggulangan perubahan iklim, untuk transformasi dlm sejumlah bidang, &amp; merupakan pekerjaan besar bangsa yg nantinya akan menjadi kebanggaan bersama.
#IbukotaNegara 
#indonesiaviral
#Banggaberkarya 
#IKN https://t.co/uhWGsPcYno",ikn bukti besar bangsa sbg respon komitmen indonesia dlm tanggulang ubah iklim transformasi dlm bidang amp kerja bangsa yg bangga
"Presidium Nasional BEM Pesantren Indonesia Mendukung Penuh IKN Nusantara

#IbukotaNegara
#IKN
#SemangatNusantara https://t.co/A7YtmvC0Fl",presidium nasional bem pesantren indonesia dukung penuh ikn nusantara
"Presidium Nasional BEM Pesantren Indonesia Mendukung Penuh IKN Nusantara

#IbukotaNegara
#IKN
#SemangatNusantara https://t.co/qo4lINcJXz",presidium nasional bem pesantren indonesia dukung penuh ikn nusantara
"Sejumlah Tokoh di Kaltim Dukung Pembangunan IKN Nusantara

#IbukotaNegara
#IKN
#SemangatNusantara https://t.co/aJbohCyfhx",tokoh kaltim dukung bangun ikn nusantara
"Sejumlah Tokoh di Kaltim Dukung Pembangunan IKN Nusantara

#IbukotaNegara
#IKN
#SemangatNusantara https://t.co/jcqTrQojJE",tokoh kaltim dukung bangun ikn nusantara
"Tokoh Masyarakat Kaltim Sepakat Dukung Pembangunan IKN

#IbukotaNegara
#IKN
#SemangatNusantara https://t.co/zhruPRP8l3",tokoh masyarakat kaltim sepakat dukung bangun ikn
"Tokoh Masyarakat Kaltim Sepakat Dukung Pembangunan IKN

#IbukotaNegara
#IKN
#SemangatNusantara https://t.co/vlYvqXz4QM",tokoh masyarakat kaltim sepakat dukung bangun ikn
"Sukseskan IKN Nusantara Kaltim

#IbukotaNegara
#IKN
#SemangatNusantara https://t.co/UQOrF6JIjX",sukses ikn nusantara kaltim
"Sukseskan IKN Nusantara Kaltim

#IbukotaNegara
#IKN
#SemangatNusantara https://t.co/SjIPnY6SgJ",sukses ikn nusantara kaltim
"Ayo Dukung dan Kawal IKN Nusantara untuk Indonesia Maju dan Sejahtera

#IbukotaNegara
#IKN
#SemangatNusantara https://t.co/J5HpDt5c1A",ayo dukung kawal ikn nusantara indonesia maju sejahtera
"Ayo Dukung dan Kawal IKN Nusantara untuk Indonesia Maju dan Sejahtera

#IbukotaNegara
#IKN
#SemangatNusantara https://t.co/TKdIxuXRCu",ayo dukung kawal ikn nusantara indonesia maju sejahtera
"Dukung IKN Nusantara

#IbukotaNegara
#IKN
#SemangatNusantara https://t.co/Km5TIjhsKU",dukung ikn nusantara
"Dukung IKN Nusantara

#IbukotaNegara
#IKN
#SemangatNusantara https://t.co/IRLY1xFizU",dukung ikn nusantara
"Dukung IKN Nusantara

#IbukotaNegara
#IKN
#SemangatNusantara https://t.co/CHKYaiE5Jc",dukung ikn nusantara
"Pemindahan IKN Akan Berdampak Besar Bagi Kemakmuran dan Kesejahteraan Masyarakat

#IbukotaNegara
#IKN
#SemangatNusantara https://t.co/UvT5W28Q5g",pindah ikn dampak makmur sejahtera masyarakat
"Pemindahan IKN Akan Berdampak Besar Bagi Kemakmuran dan Kesejahteraan Masyarakat

#IbukotaNegara
#IKN
#SemangatNusantara https://t.co/sdC6es97aC",pindah ikn dampak makmur sejahtera masyarakat
"IKN Akan Menjadi Kota Inklusif, Terbuka, dan ramah  bagi seluruh kalangan Masyakat

#IbukotaNegara
#IKN
#SemangatNusantara https://t.co/JcoYhPypP5",ikn kota inklusif buka ramah kalang masyakat
"IKN Akan Menjadi Kota Inklusif, Terbuka, dan ramah  bagi seluruh kalangan Masyakat

#IbukotaNegara
#IKN
#SemangatNusantara https://t.co/svowxDSeCF",ikn kota inklusif buka ramah kalang masyakat
"Waspadai Provokasi Kelompok Yang Menolak Program IKN Untuk Indonesia Maju Dan Sejahtera 

#IbukotaNegara
#IKN
#SemangatNusantara https://t.co/a7YbHReGAI",waspada provokasi kelompok tolak program ikn indonesia maju sejahtera
"Waspadai Provokasi Kelompok Yang Menolak Program IKN Untuk Indonesia Maju Dan Sejahtera 

#IbukotaNegara
#IKN
#SemangatNusantara https://t.co/cSvOXio1Oz",waspada provokasi kelompok tolak program ikn indonesia maju sejahtera
"Akan dibangun menjadi kota yang inklusif, terbuka dan ramah bagi seluruh kalangan masyarakat

#IbukotaNegara #IKN #SemangatNusantara https://t.co/NLRDELg0si",bangun kota inklusif buka ramah kalang masyarakat
"Berikan dukungan terhadap pembangunan IKN

#IbukotaNegara #IKN #SemangatNusantara https://t.co/df4eeb9S47",dukung bangun ikn
"Sejumlah alasan kenapa IKN harus dipindahkan

#IbukotaNegara #IKN #SemangatNusantara https://t.co/AKgMXxA8UE",alas ikn pindah
"Nyatakan dukungan terhadap pembangunan IKN Nusantara

#IbukotaNegara #IKN #SemangatNusantara https://t.co/lBNiPH0FKg",nyata dukung bangun ikn nusantara
"IKN Nusantara akan dibangun menjadi kota yang inklusif, terbuka dan ramah bagi seluruh kalangan

#IbukotaNegara #IKN #SemangatNusantara https://t.co/Ejmbz1jcOa",ikn nusantara bangun kota inklusif buka ramah kalang
"Sukseskan IKN Nusantara di Kaltim!

#IbukotaNegara #IKN #SemangatNusantara https://t.co/VXU9qKZwR5",sukses ikn nusantara kaltim
"Pemindahan IKN akan berdampak besar bagi kemakmuran dan kesejahteraan masyarakat
#IbukotaNegara
#IKN
#SemangatNusantara https://t.co/wGjfXkZmCU",pindah ikn dampak makmur sejahtera masyarakat
"Pemindahan IKN akan berdampak besar bagi kemakmuran dan kesejahteraan masyarakat
#IbukotaNegara
#IKN
#SemangatNusantara https://t.co/siDLXCtQpJ",pindah ikn dampak makmur sejahtera masyarakat
"Pemindahan IKN akan berdampak besar bagi kemakmuran dan kesejahteraan masyarakat
#IbukotaNegara
#IKN
#SemangatNusantara https://t.co/di8NeOoFFw",pindah ikn dampak makmur sejahtera masyarakat
"Pemindahan IKN akan berdampak besar bagi kemakmuran dan kesejahteraan masyarakat
#IbukotaNegara
#IKN
#SemangatNusantara https://t.co/0MxdmFyw49",pindah ikn dampak makmur sejahtera masyarakat
"Beberapa elemen masyarakat mendukung pemindahan IKN ke Kalimantan Timur.
#IbukotaNegara
#IKN
#SemangatNusantara https://t.co/cERR7zPfxB",elemen masyarakat dukung pindah ikn kalimantan timur
"Pemindahan IKN Akan Berdampak Besat Bagi Kemakmuran dan Kesejahteraan Masyarakat

#IbukotaNegara
#IKN
#SemangatNusantara https://t.co/PkLAhIOrVn",pindah ikn dampak besat makmur sejahtera masyarakat
"IKN Akan Menjadi Kota Inklusif, Terbuka, dan Ramah Bagi Seluruh Kalangan Masyarakat

#IbukotaNegara
#IKN
#SemangatNusantara https://t.co/SaT9ESi5Uj",ikn kota inklusif buka ramah kalang masyarakat
"Presidium Nasional BEM Pesantren Indonesia Mendukung Penuh IKN Nusantara

#IbukotaNegara
#IKN
#SemangatNusantara https://t.co/E1VlL3aIwa",presidium nasional bem pesantren indonesia dukung penuh ikn nusantara
"Pada intinya masyarakat Indonesia mendukung pembangunan IKN Nusantara
#IbukotaNegara
#IKN
#SemangatNusantara https://t.co/KPfNJFaCt1",inti masyarakat indonesia dukung bangun ikn nusantara
"Pembangunan IKN Nusantara demi kesejahteraan masyarakat
#IbukotaNegara
#IKN
#SemangatNusantara https://t.co/u9VvtfrD0T",bangun ikn nusantara sejahtera masyarakat
"Pemindahan IKN demi kesejahteraan masyarakat Indonesia
#IbukotaNegara
#IKN
#SemangatNusantara https://t.co/cakH8QQYU8",pindah ikn sejahtera masyarakat indonesia
"Masyarakat Indonesia mendukung pembangunan IKN Nusantara
#IbukotaNegara
#IKN
#SemangatNusantara https://t.co/GUzOodwNQ9",masyarakat indonesia dukung bangun ikn nusantara
"Pemindahan IKN Akan Berdampam Besar Bagi Kemakmuran dan Kesehahteraan Masyarakat

#IbukotaNegara
#IKN
#SemangatNusantara https://t.co/KGIv5TAotD",pindah ikn berdampam makmur kesehahteraan masyarakat
"Presidium nasional BEM Pesantren Indonesia mendukung penuh IKN nusantara
#IbukotaNegara
#IKN
#SemangatNusantara https://t.co/UuZOvv42yG",presidium nasional bem pesantren indonesia dukung penuh ikn nusantara
"Sejumlah tokoh di kaltim dukung pembangunan IKN
#IbukotaNegara
#IKN
#SemangatNusantara https://t.co/ARCA5ByjSd",tokoh kaltim dukung bangun ikn
"Sejumlah Tokoh di Kaltim Dukung pembangunan IKN Nusantara 
#IbukotaNegara
#IKN
#SemangatNusantara https://t.co/qgqR2JKy9N",tokoh kaltim dukung bangun ikn nusantara
"Ini Loh alasan kenapa Ibu Kota pindah 
#IbukotaNegara
#IKN
#SemangatNusantara https://t.co/DvV6i31bp7",loh alas kota pindah
"Presidium Nasional Bem pesantren Indonesia mendukung penuh IKN Nusantara
#IbukotaNegara
#IKN
#SemangatNusantara https://t.co/M9wWs8KizH",presidium nasional bem pesantren indonesia dukung penuh ikn nusantara
"Pemindahan IKN Akan Berdampak Besar bagi Kemakmuran dan Kesejahteraan Masyarakat
#IbukotaNegara
#IKN
#SemangatNusantara https://t.co/Q2uGJX5Tci",pindah ikn dampak makmur sejahtera masyarakat
"IKN Nusantara Akan Memiliki 70 persen area hijau, 80 persen transportasi publik
#IbukotaNegara
#IKN
#SemangatNusantara https://t.co/aIagnUobCE",ikn nusantara milik persen area hijau persen transportasi publik
"IKN akan jadi Kota yang paling indah

#IbukotaNegara
#IKN
#SemangatNusantara https://t.co/zdDM1v5DLL",ikn kota indah
"udah gak sabar pengen pindah ke IKN

#IbukotaNegara
#IKN
#SemangatNusantara https://t.co/gtg6eByGsN",udah gak sabar ken pindah ikn
"@ZInformasi @45d3nn_ IKN NUSANTARA

#IbukotaNegara
#IKN
#SemangatNusantara",ikn nusantara
"PRESIDIUM NASIONAL BEM PESANTREN INDONESIA MENDUKUNG PENUH IKN NUSANTARA
#IbukotaNegara
#IKN
#SemangatNusantara https://t.co/rHilCU0fBS",presidium nasional bem pesantren indonesia dukung penuh ikn nusantara
"SEJUMLAH TOKOH DI KALTIM DUKUNG PEMBANGUNAN NUSANTARA
#IbukotaNegara
#IKN
#SemangatNusantara https://t.co/KmkFPSYNhb",tokoh kaltim dukung bangun nusantara
"Sukseskan IKN. 

#IbukotaNegara
#IKN
#SemangatNusantara https://t.co/7C9tzESH3n",sukses ikn
"Deklarasi Masyarakat Adat Dayak. 

Dukung IKN Pindah. 
#IbukotaNegara
#IKN
#SemangatNusantara https://t.co/ZAZNlfIMaX",deklarasi masyarakat adat dayak dukung ikn pindah
"Dukung dan Kawal IKN. 

#IbukotaNegara
#IKN
#SemangatNusantara https://t.co/UkMxPUjPx4",dukung kawal ikn
"Dukung Pembangunan IKN. 
#IbukotaNegara
#IKN
#SemangatNusantara https://t.co/nsx1ZnReXP",dukung bangun ikn
"Sejumlah Tokoh Dukung IKN. 

#IbukotaNegara
#IKN
#SemangatNusantara https://t.co/JUMlTP3HYd",tokoh dukung ikn
"Mendukung Penuh IKN. 

#IbukotaNegara
#IKN
#SemangatNusantara https://t.co/LR2wxLb39z",dukung penuh ikn
"Dukung penuh IKN Nusantara

#IbukotaNegara
#IKN
#SemangatNusantara https://t.co/MdZBcjAZKz",dukung penuh ikn nusantara
"Sejumlah Tokoh di Kaltim dukung pembangunan Nusantara

#IbukotaNegara
#IKN
#SemangatNusantara https://t.co/mxlIyIg1Cd",tokoh kaltim dukung bangun nusantara
"Dukungan penuh IKN Nusantara

#IbukotaNegara
#IKN
#SemangatNusantara https://t.co/FxRQDePvnP",dukung penuh ikn nusantara
"Masyarakat dukung penuh pemindahan IKN untuk indonesia maju #IbukotaNegara #IKN #SemangatNusantara #fyp #fyp„Ç∑ #fypage 
https://t.co/CgYidOKotP",masyarakat dukung penuh pindah ikn indonesia maju
"Sejumlah Tokoh Kalimantan Timur Dukung Pembangunan IKN Nusantara #IbukotaNegara
#IKN
#SemangatNusantara https://t.co/LqLCNRwhm9",tokoh kalimantan timur dukung bangun ikn nusantara
"Dukung IKN
#IbukotaNegara
#IKN
#SemangatNusantara https://t.co/NQyhkUmDEo",dukung ikn
"Sejumlah Tokoh di Kaltim dukung Pembangunan IKN Nusantara ! #IbukotaNegara
#IKN
#SemangatNusantara https://t.co/f3NgrMx4X3",tokoh kaltim dukung bangun ikn nusantara
Mari kita sukseskan pemindahan Ibu Kota Negara baru di Kalimantan #IbukotaNegara #IKN #SemangatNusantara https://t.co/ULrIIzreZP,mari sukses pindah kota negara kalimantan
"#IbukotaNegara
#IKN
#SemangatNusantara
Sejumlah tokoh di kaltim dukung pembangunan IKN nusantara https://t.co/u7ilSsXRjA",tokoh kaltim dukung bangun ikn nusantara
"Sejumlah Tokoh di Kaltim Dukung Pembangunan IKN Nusantara

#IbukotaNegara
#IKN
#SemangatNusantara https://t.co/Unkwtv4xx8",tokoh kaltim dukung bangun ikn nusantara
"Deklarasi Masyarakat Adat Dayak Dukung IKN Pindah 
#IbukotaNegara
#IKN
#SemangatNusantara https://t.co/Y4PQLSlVE6",deklarasi masyarakat adat dayak dukung ikn pindah
"Ayo Dukung dan Kawal IKN Nusantara 
#IbukotaNegara
#IKN
#SemangatNusantara https://t.co/8wHupmK9jZ",ayo dukung kawal ikn nusantara
"Sukseskan IKN Nusantara Kalimantan Timur 
#IbukotaNegara
#IKN
#SemangatNusantara https://t.co/GG7xJ9to45",sukses ikn nusantara kalimantan timur
"Tokoh Masyarakat Kaltim Sepakat Dukung Pembangunan IKN 
#IbukotaNegara
#IKN
#SemangatNusantara https://t.co/3KZVKRxRTl",tokoh masyarakat kaltim sepakat dukung bangun ikn
"Sejumlah Tokoh di Kaltim Dukung Pembangunan IKN Nusantara 
#IbukotaNegara
#IKN
#SemangatNusantara https://t.co/pOihZEtHiT",tokoh kaltim dukung bangun ikn nusantara
"Presiden Nasional BEM Pesantren Indonesia Mendukung Penuh IKN Nusantara 
#IbukotaNegara
#IKN
#SemangatNusantara https://t.co/aDFjhD72xt",presiden nasional bem pesantren indonesia dukung penuh ikn nusantara
"dukung IKN 
#IbukotaNegara
#IKN
#SemangatNusantara https://t.co/ecTKHhM0QQ",dukung ikn
"Sejumlah tokoh di Kaltim dukung pembangunan IKN Nusantara 
#IbukotaNegara
#IKN
#SemangatNusantara https://t.co/3Ilyu4iNdz",tokoh kaltim dukung bangun ikn nusantara
"Sejumlah tokoh di Kaltim dukung pembangunan IKN Nusantara 
#IbukotaNegara
#IKN
#SemangatNusantara https://t.co/3UXfadPFQ5",tokoh kaltim dukung bangun ikn nusantara
"Sejumlah tokoh di Kaltim dukung pembangunan IKN Nusantara 
#IbukotaNegara
#IKN
#SemangatNusantara https://t.co/KCzjmxI0fa",tokoh kaltim dukung bangun ikn nusantara
"Sejumlah tokoh di Kaltim dukung pembangunan IKN Nusantara 
#IbukotaNegara
#IKN
#SemangatNusantara https://t.co/l44nveY5u4",tokoh kaltim dukung bangun ikn nusantara
"sejumlah tokoh dukung pembangunan IKN nusantara

#IbukotaNegara
#IKN
#SemangatNusantara https://t.co/RVa94jB4iK",tokoh dukung bangun ikn nusantara
"mari dukung

#IbukotaNegara
#IKN
#SemangatNusantara https://t.co/LEtPTUcZLh",mari dukung
"AYO DUKUNG DAN KAWAL IKN NUSANTARA
#IbukotaNegara
#IKN
#SemangatNusantara https://t.co/RrKyPtabpv",ayo dukung kawal ikn nusantara
"AYO DUKUNG DAN KAWAL IKN NUSANTARA
#IbukotaNegara
#IKN
#SemangatNusantara https://t.co/u0fPeunEMo",ayo dukung kawal ikn nusantara
"AYO DUKUNG DAN KAWAL IKN NUSANTARA
#IbukotaNegara
#IKN
#SemangatNusantara https://t.co/awVA62NuY2",ayo dukung kawal ikn nusantara
"AYO DUKUNG DAN KAWAL IKN NUSANTARA
#IbukotaNegara
#IKN
#SemangatNusantara https://t.co/G9ovtlFd33",ayo dukung kawal ikn nusantara
"pembangunan IKN Nusantara Kalimantam Timur akan menumbukan perekonimian RI

#IbukotaNegara
#IKN
#SemangatNusantara https://t.co/6IGtt0muKQ",bangun ikn nusantara kalimantam timur tumbu perekonimian ri
"Sejumlah tokoh di Kalimantan dukung pembangunan IKN Nusantara
#IbukotaNegara
#IKN
#SemangatNusantara https://t.co/3WbmnWRuA3",tokoh kalimantan dukung bangun ikn nusantara
"Tokoh di Kaltim dukung pemindahan IKN

#IbukotaNegara
#IKN
#SemangatNusantara https://t.co/YJNnBiRmug",tokoh kaltim dukung pindah ikn
"Ayo dukung IKN Nusantara

#IbukotaNegara
#IKN
#SemangatNusantara https://t.co/CGD3Q56FTv",ayo dukung ikn nusantara
"mari dukung
#IbukotaNegara
#IKN
#SemangatNusantara https://t.co/RjiX84zSFC",mari dukung
"Sejumlahbtoko di Kaltim dukung pembangunan IKN Nusantara

#IbukotaNegara
#IKN
#SemangatNusantara https://t.co/Dj3iurMrwc",sejumlahbtoko kaltim dukung bangun ikn nusantara
"Deklarasi Masyarakat Adat Dayak Dukung IKN Nusantara
#IbukotaNegara
#IKN
#SemangatNusantara https://t.co/SMUNDkls4f",deklarasi masyarakat adat dayak dukung ikn nusantara
"Sejumlah tokoh kaltim dukung pembangunan IKN Nusantara
#IbukotaNegara
#IKN
#SemangatNusantara https://t.co/mysGBdspq0",tokoh kaltim dukung bangun ikn nusantara
"Sejumlah Tokoh Di Kaltim Dukung Pembangunan IKN Nusantara
#IbukotaNegara
#IKN
#SemangatNusantara https://t.co/Eeht6dtkD8",tokoh kaltim dukung bangun ikn nusantara
"Sejumlah Tokoh Di Kaltim Dukung Pembangunan IKN Nusantara
#IbukotaNegara
#IKN
#SemangatNusantara https://t.co/5qcccrAGgS",tokoh kaltim dukung bangun ikn nusantara
"Presedium Nasional BEM Pesantren Indonesia Mendukung Penuh IKN Nusantara
#IbukotaNegara
#IKN
#SemangatNusantara https://t.co/pmlIG8w43Z",presedium nasional bem pesantren indonesia dukung penuh ikn nusantara
"Sejumlah Tokoh Di Kaltim Dukung Pembangunan IKN  Nusantara.
.
.
#IbukotaNegara
#IKN
#SemangatNusantara https://t.co/Sez6oObudl",tokoh kaltim dukung bangun ikn nusantara
"di Kaltim aja mendukung, ko yg di jakarta malah enggak. takut lahan cari duitnya gak ada? #IbukotaNegara
#IKN
#SemangatNusantara https://t.co/njOpP0pxFt",kaltim aja dukung ko yg jakarta takut lahan cari duit gak
"Sejumlah tokoh di Kaltim dukung pembangunan IKN Nusantara

#IbukotaNegara
#IKN
#SemangatNusantara https://t.co/xBFO7cvVYN",tokoh kaltim dukung bangun ikn nusantara
"Memang seharusnya pembangunan Ibu Kota Baru Nusantara didukung penuh, melihat perkembangan Jakarta yang semakin padat, banjir, penurunan permukaan tanah, dan ditambah permasalahan lainnya, maka Indonesia harus memiliki Ibu Kota baru. 
#IbukotaNegara
#IKN
#SemangatNusantara https://t.co/P4dWYIg4MS",bangun kota nusantara dukung penuh kembang jakarta padat banjir turun muka tanah tambah masalah indonesia milik kota
"Sebagai masyarakat, saya mendukung dan mengapresiasi pembangunan Ibu Kota Baru Nusantara. Dengan demikian Jakarta dapat lebih ditata dengan baik dan indah. 
#IbukotaNegara
#IKN
#SemangatNusantara https://t.co/btbTK5LgnI",masyarakat dukung apresiasi bangun kota nusantara jakarta tata indah
"Kepala Otorita IKN Tunggu Pengumuman Jokowi, Struktur Badan Otorita, Sudah Ada 3 Nama Dewan Pengarah
 
#KepalaOtorita #IKN #IKNNusantara #IbuKotaNegara #BadanOtorita 

https://t.co/YSz9nIu9tB lewat @tribunkaltim",kepala otorita ikn tunggu umum jokowi struktur badan otorita nama dewan arah
"Top News Koran Rakyat Merdeka

Kecamatan Sepaku Masuk Kawasan IKN
Kabupaten PPU Hilang Satu Dapil Di Pileg 2024

#PemiluSerentak2024 #Pemilu2024 #Nusantara #IKN #IbuKotaNegara #IbukotaBaru #IbuKotaNegaraBaru #RakyatMerdeka #RMid

https://t.co/jlS4ncNmG5",top news koran rakyat merdeka camat paku masuk kawasan ikn kabupaten ppu hilang dapil pileg
"Mengapa #IKN yg hendak dibangun pemerintah msh berparadigma fisik? Pdhal kt sdh masuk era Industri 4.0. Ktk banyak hal tlh beralih ke digital, mengapa tdk sekalian #IbukotaNegara brubah jd Cloud governance, Nusantara Cyberspace, atau 'Ibu Kota NKRI di Metaverse'?, bukan di Kaltim https://t.co/KLalnB33Yc",yg bangun perintah msh paradigma fisik pdhal kt sdh masuk era industri ktk tlh alih digital tdk brubah jd cloud governance nusantara cyberspace kota nkri metaverse kaltim
"Dalam Kunjungan ke Titik Nol Ibu Kota Negara bersama Ketua DPR RI, Panglima TNI Jenderal Andika Perkasa menjelaskan kebutuhan pertahanan dan keamanan untuk Ibu Kota Negara Nusantara üáÆüá©

Lihat informasi selengkapnya melalui https://t.co/CwUzhKufam ya üòä

#IKN #IbuKotaNegara https://t.co/WNdTPITfBg",kunjung titik nol kota negara ketua dpr ri panglima tni jenderal andika perkasa butuh tahan aman kota negara nusantara lihat informasi lengkap ya
"Ketua Perhimpunan Bubungan Banjar Kayuh Baimbai Dukung IKN Nusantara Untuk Perluas Lapangan Kerja

#IbukotaNegara
#IKN #SemangatNusantara https://t.co/5EckDnj3ZV",ketua himpun bubung banjar kayuh baimbai dukung ikn nusantara luas lapang kerja
"Ketua Perhimpunan Bubungan Banjar Kayuh Baimbai Dukung IKN Nusantara Untuk Perluas Lapangan Kerja

#IbukotaNegara
#IKN #SemangatNusantara https://t.co/WsWiCtgNR1",ketua himpun bubung banjar kayuh baimbai dukung ikn nusantara luas lapang kerja
"Ketua Perhimpunan Bubungan Banjar Kayuh Baimbai Dukung IKN Nusantara Untuk Perluas Lapangan Kerja

#IbukotaNegara
#IKN #SemangatNusantara https://t.co/C3BZN6IShT",ketua himpun bubung banjar kayuh baimbai dukung ikn nusantara luas lapang kerja
"Ketua Perhimpunan Bubungan Banjar Kayuh Baimbai Dukung IKN Nusantara Untuk Perluas Lapangan Kerja

#IbukotaNegara
#IKN #SemangatNusantara https://t.co/hxrQIpz1w2",ketua himpun bubung banjar kayuh baimbai dukung ikn nusantara luas lapang kerja
"Mari Dukung dan Kawal IKN Nusantara Kaltim !!

#IbukotaNegara
#IKN #SemangatNusantara https://t.co/id0Hpm9tvz",mari dukung kawal ikn nusantara kaltim
"Mari Dukung dan Kawal IKN Nusantara Kaltim !!

#IbukotaNegara
#IKN #SemangatNusantara https://t.co/rXc2r1bqge",mari dukung kawal ikn nusantara kaltim
"Mari Dukung dan Kawal IKN Nusantara Kaltim !!

#IbukotaNegara
#IKN #SemangatNusantara https://t.co/pr5fVHzcfr",mari dukung kawal ikn nusantara kaltim
"Mari Dukung dan Kawal IKN Nusantara Kaltim !!

#IbukotaNegara
#IKN #SemangatNusantara https://t.co/y3Uf3fHelC",mari dukung kawal ikn nusantara kaltim
"Masyarakat Adat Banjar Balikpapan Dukung IKN Nusantara

#IbukotaNegara
#IKN #SemangatNusantara https://t.co/DNBbNTtzb5",masyarakat adat banjar balikpapan dukung ikn nusantara
"Masyarakat Adat Banjar Balikpapan Dukung IKN Nusantara

#IbukotaNegara
#IKN #SemangatNusantara https://t.co/3lwUPqBQj3",masyarakat adat banjar balikpapan dukung ikn nusantara
"Masyarakat Adat Banjar Balikpapan Dukung IKN Nusantara

#IbukotaNegara
#IKN #SemangatNusantara https://t.co/UOEi6ugYAz",masyarakat adat banjar balikpapan dukung ikn nusantara
"Masyarakat Adat Banjar Balikpapan Dukung IKN Nusantara

#IbukotaNegara
#IKN #SemangatNusantara https://t.co/9CXkfEVFuH",masyarakat adat banjar balikpapan dukung ikn nusantara
"Kepala Otorita IKN Tunggu Pengumuman Jokowi, Struktur Badan Otorita, Sudah Ada 3 Nama Dewan Pengarah
 
#KepalaOtorita #IKN #IKNNusantara #IbuKotaNegara #BadanOtorita 

https://t.co/YSz9nIMiHJ lewat @tribunkaltim",kepala otorita ikn tunggu umum jokowi struktur badan otorita nama dewan arah
"Keputusan Presiden Jokowi memilih Kepala Otorita IKN dari non Partai itu sudah tepat
#IbukotaNegara
#IKN
#SemangatNusantara https://t.co/T1i8stv3tt",putus presiden jokowi pilih kepala otorita ikn non partai
"Keputusan Presiden Jokowi memilih Kepala Otorita IKN dari non Partai itu sudah tepat
#IbukotaNegara
#IKN
#SemangatNusantara https://t.co/fKQf85RnyU",putus presiden jokowi pilih kepala otorita ikn non partai
"Keputusan Presiden Jokowi memilih Kepala Otorita IKN dari non Partai itu sudah tepat
#IbukotaNegara
#IKN
#SemangatNusantara https://t.co/y2aPjmmYcQ",putus presiden jokowi pilih kepala otorita ikn non partai
"Keputusan Presiden Jokowi memilih Kepala Otorita IKN dari non Partai itu sudah tepat
#IbukotaNegara
#IKN
#SemangatNusantara https://t.co/SGcXD4ocGk",putus presiden jokowi pilih kepala otorita ikn non partai
"Indonesia mendesak Dewan Keamanan PBB untuk mengambil langkah nyata guna mencegah memburuknya situasi
#IbukotaNegara
#IKN
#SemangatNusantara https://t.co/Au1NPhEFG8",indonesia desak dewan aman pbb ambil langkah nyata cegah buruk situasi
"Indonesia mendesak Dewan Keamanan PBB untuk mengambil langkah nyata guna mencegah memburuknya situasi
#IbukotaNegara
#IKN
#SemangatNusantara https://t.co/JGhzvP4Kym",indonesia desak dewan aman pbb ambil langkah nyata cegah buruk situasi
"Indonesia mendesak Dewan Keamanan PBB untuk mengambil langkah nyata guna mencegah memburuknya situasi
#IbukotaNegara
#IKN
#SemangatNusantara https://t.co/IY2kgu7sH5",indonesia desak dewan aman pbb ambil langkah nyata cegah buruk situasi
"Indonesia mendesak Dewan Keamanan PBB untuk mengambil langkah nyata guna mencegah memburuknya situasi
#IbukotaNegara
#IKN
#SemangatNusantara https://t.co/sSDujUUtJa",indonesia desak dewan aman pbb ambil langkah nyata cegah buruk situasi
"Calon Kepala Otorita IKN bukan dari politisi
#IbukotaNegara
#IKN
#SemangatNusantara https://t.co/eAFLyN2RcX",calon kepala otorita ikn politis
"Keputusan Presiden Jokowi pilih kepala Otorita IKN dari non partai sudah tepat
#IbukotaNegara
#IKN
#SemangatNusantara https://t.co/dIPx9GN9ER",putus presiden jokowi pilih kepala otorita ikn non partai
"Pemilihan kepala Otorita IKN dari Non partai sudah tepat
#IbukotaNegara
#IKN
#SemangatNusantara https://t.co/IHszVE3Nmo",pilih kepala otorita ikn non partai
"Pemilihan kepala otorita sudah tepat untuk pembangunan ibu kota baru
Dukung IKN
#IbukotaNegara
#IKN
#SemangatNusantara https://t.co/c4dV05iHPL",pilih kepala otorita bangun kota dukung ikn
"Pemilihan kepala otorita sudah tepat untuk pembangunan ibu kota baru
Dukung IKN
#IbukotaNegara
#IKN
#SemangatNusantara https://t.co/1R5SaSTQzj",pilih kepala otorita bangun kota dukung ikn
"Pemilihan kepala otorita sudah tepat untuk pembangunan ibu kota baru
Dukung IKN
#IbukotaNegara
#IKN
#SemangatNusantara https://t.co/rN4xP6jkXZ",pilih kepala otorita bangun kota dukung ikn
"Keputusan Presiden Jokowi pilih kepala otorita IKN dari Non Partai itu sudah tepat
#IbukotaNegara
#IKN
#SemangatNusantara https://t.co/n4BjZlCf27",putus presiden jokowi pilih kepala otorita ikn non partai
"BEM Kampus Pesantren se-Kalimantan deklarasi dukung IKN Nusantara
#IbukotaNegara
#IKN
#SemangatNusantara https://t.co/gssaB1rLwP",bem kampus pesantren kalimantan deklarasi dukung ikn nusantara
"MUI Balikpapan dukung pemindahan IKN ke Kaltim
#IbukotaNegara
#IKN
#SemangatNusantara https://t.co/yaUqzZL634",mui balikpapan dukung pindah ikn kaltim
"Mui balikpapan mendukung pemindahan IKN ke kalimantan timur

#IbukotaNegara
#IKN
#SemangatNusantara https://t.co/h5cU1Aw3NW",mui balikpapan dukung pindah ikn kalimantan timur
"Dukung IKN Baru Untuk Indonesia Maju

#IbukotaNegara
#IKN
#SemangatNusantara https://t.co/2cYLjHi09P",dukung ikn indonesia maju
"Dukung IKN Baru Untuk Indonesia Maju

#IbukotaNegara
#IKN
#SemangatNusantara https://t.co/s7Al8Cc19B",dukung ikn indonesia maju
"MUI Balikpapan Mendukung Pemindahan IKN Ke Kaltim

#IbukotaNegara
#IKN
#SemangatNusantara https://t.co/Oz6st0gLXL",mui balikpapan dukung pindah ikn kaltim
"MUI Balikpapan Mendukung Pemindahan IKN Ke Kaltim

#IbukotaNegara
#IKN
#SemangatNusantara https://t.co/5ZHqFVAmiK",mui balikpapan dukung pindah ikn kaltim
"BEM Kampus Pesantren Se-Kalimantan Deklarasi Dukung IKN Nusantara

#IbukotaNegara
#IKN
#SemangatNusantara https://t.co/TC02DVkL9s",bem kampus pesantren kalimantan deklarasi dukung ikn nusantara
"BEM Kampus Pesantren Se-Kalimantan Deklarasi Dukung IKN Nusantara

#IbukotaNegara
#IKN
#SemangatNusantara https://t.co/e2UJ7xzLtT",bem kampus pesantren kalimantan deklarasi dukung ikn nusantara
"BEM Kampus Pesantren Se-Kalimantan Deklarasi Dukung IKN Nusantara

#IbukotaNegara
#IKN
#SemangatNusantara https://t.co/j1VqNZv0rv",bem kampus pesantren kalimantan deklarasi dukung ikn nusantara
"BEM Kampus Pesantren Se-Kalimantan Deklarasi Dukung IKN Nusantara

#IbukotaNegara
#IKN
#SemangatNusantara https://t.co/21KzZ9W8yQ",bem kampus pesantren kalimantan deklarasi dukung ikn nusantara
"Dukung &amp; Kawal IKN Nusantara Kaltim

#IbukotaNegara
#IKN
#SemangatNusantara https://t.co/yDuYlcOLqQ",dukung amp kawal ikn nusantara kaltim
"Dukung &amp; Kawal IKN Nusantara Kaltim

#IbukotaNegara
#IKN
#SemangatNusantara https://t.co/48ifNkXhbd",dukung amp kawal ikn nusantara kaltim
"Dukungan IKN

#IbukotaNegara
#IKN
#SemangatNusantara https://t.co/QpJgPX8SvG",dukung ikn
"Dukung IKN

#IbukotaNegara
#IKN
#SemangatNusantara https://t.co/ECDN8KInYy",dukung ikn
"Keputusan Presiden Jokowi, Memilih Kepala Otorita IKN dari Non Partai Itu Sudah Tepat

#IbukotaNegara
#IKN
#SemangatNusantara https://t.co/ypOLXTSM4R",putus presiden jokowi pilih kepala otorita ikn non partai
"Keputusan Presiden Jokowi, Memilih Kepala Otorita IKN dari Non Partai Itu Sudah Tepat

#IbukotaNegara
#IKN
#SemangatNusantara https://t.co/kRySsDlXTd",putus presiden jokowi pilih kepala otorita ikn non partai
"Pemilihan Kepala Otorita Sudah Tepat Untuk Pembangunan IKN

#IbukotaNegara
#IKN
#SemangatNusantara https://t.co/mO0NdSpEqJ",pilih kepala otorita bangun ikn
"Pemilihan Kepala Otorita Sudah Tepat Untuk Pembangunan IKN

#IbukotaNegara
#IKN
#SemangatNusantara https://t.co/21ZtCLQzpZ",pilih kepala otorita bangun ikn
"Ben kampus pesantren sekalimantan deklarasi dukung ikn nusantata
#IbukotaNegara
#IKN
#SemangatNusantara https://t.co/6pz1GVsYD9",ben kampus pesantren sekalimantan deklarasi dukung ikn nusantata
"MUI Balikapapan mendukung pemindahan IKN ke kalimantan timur

#IbukotaNegara
#IKN
#SemangatNusantara https://t.co/blOWijZ2Pg https://t.co/s3irkk1Lha",mui balikapapan dukung pindah ikn kalimantan timur
"BBEM Kampus pesantreb se Kalimantan deklarasi dukung IKN

#IbukotaNegara
#IKN
#SemangatNusantara https://t.co/blOWijZ2Pg",bbem kampus pesantreb kalimantan deklarasi dukung ikn
"Pembangunan infrastruktur di masa pandemi menjadi salah satu harapan pemulihan ekonomi Nasional

#IbukotaNegara
#IKN
#SemangatNusantara https://t.co/tf3kBKjJKQ",bangun infrastruktur pandemi salah harap pulih ekonomi nasional
"IKN adalah simbol baru kejayaan Indonesia. 

#IbukotaNegara
#IKN
#SemangatNusantara https://t.co/TO6wgj46V7",ikn simbol jaya indonesia
"Banyak dukungan untuk IKN
#IbukotaNegara
#IKN
#SemangatNusantara https://t.co/31QBVfhLqF",dukung ikn
"Banyak dukungan untuk IKN
#IbukotaNegara
#IKN
#SemangatNusantara https://t.co/sEGtfIKyPj",dukung ikn
"Banyak dukungan untuk IKN
#IbukotaNegara
#IKN
#SemangatNusantara https://t.co/CfyEn3zG02",dukung ikn
"Dukung dan Kawal IKN Nusantara. #IbukotaNegara
#IKN
#SemangatNusantara https://t.co/cazHSCEplR",dukung kawal ikn nusantara
"BEM Kampus Se-Kalimantan Dukung IKN Nusantara. 
#IbukotaNegara
#IKN
#SemangatNusantara https://t.co/VhMKGtGIEA",bem kampus kalimantan dukung ikn nusantara
"Deklarasi Dukung IKN. 

#IbukotaNegara
#IKN
#SemangatNusantara https://t.co/KegbB0wqxO",deklarasi dukung ikn
"IKN Luar Biasa. 
#IbukotaNegara
#IKN
#SemangatNusantara https://t.co/ydIHEwiUzl",ikn
"Dukung IKN. 

#IbukotaNegara
#IKN
#SemangatNusantara https://t.co/lB7hkIewju",dukung ikn
"Indonesia Maju. 

#IbukotaNegara
#IKN
#SemangatNusantara https://t.co/w3gO1bX5mM",indonesia maju
"BEM Kampus Pesantren Se-Kalimantan Deklarasi Dukung IKN Nusantara

#IbukotaNegara
#IKN
#SemangatNusantara https://t.co/FFyWDqiW0D",bem kampus pesantren kalimantan deklarasi dukung ikn nusantara
"MUI Balikpapan Mendukung Pemindahan IKN Ke Kalimantan Timur

#IbukotaNegara
#IKN
#SemangatNusantara https://t.co/Td0c4i3P91",mui balikpapan dukung pindah ikn kalimantan timur
"BEM Kampus Pesantren Se-Kalimantan Deklarasi Dukung IKN Nusantara

#IbukotaNegara
#IKN
#SemangatNusantara https://t.co/GMXtR3yxBL",bem kampus pesantren kalimantan deklarasi dukung ikn nusantara
"Dukung IKN

#IbukotaNegara
#IKN
#SemangatNusantara https://t.co/CM0YvcYOnJ",dukung ikn
"Banyak pihak yang mendukung pemindahan Ibu Kota Negara baru demi kemajuan bangsa Indonesia
#IbukotaNegara
#IKN
#SemangatNusantara https://t.co/vjTlzjCqcT",dukung pindah kota negara maju bangsa indonesia
"Banyak pihak yang mendukung pemindahan Ibu Kota Negara baru demi kemajuan bangsa Indonesia
#IbukotaNegara
#IKN
#SemangatNusantara https://t.co/k1VsD3Buxe",dukung pindah kota negara maju bangsa indonesia
"Dukung IKN

#IbukotaNegara
#IKN
#SemangatNusantara https://t.co/UFdHDZ6uUx",dukung ikn
"Dukung IKN
#IbukotaNegara
#IKN
#SemangatNusantara https://t.co/wTZnOtzHKc",dukung ikn
"MUI Balikpapan mendukung pemindahan IKN ke Kalimantan Timur.

#SEMANGATNUSANTARA 
#IbukotaNegara
#IKN
#SemangatNusantara https://t.co/QSZYZgsTb3",mui balikpapan dukung pindah ikn kalimantan timur
"BEM KAMPUS PESANTREN SE-KALIMANTAN DEKLARASI DUKUNG IKN NUSANTARA 

#SEMANGATNUSANTARA 
#IbukotaNegara
#IKN
#SemangatNusantara https://t.co/AOVWjRxivl",bem kampus pesantren kalimantan deklarasi dukung ikn nusantara
"BEM Kampus Pesantren Sekalimantan Deklarasi Dukung IKN Nusantara

#IbukotaNegara
#IKN
#SemangatNusantara https://t.co/FnjXCYdkSV",bem kampus pesantren sekalimantan deklarasi dukung ikn nusantara
"PEMBANGUNAN INFRASTRUKTUR DI MASA PANDEMI MENJADI SALAH SATU HARAPAN PEMULIHAN EKONOMI NASIONAL
#IbukotaNegara
#IKN
#SemangatNusantara https://t.co/ZxpBR0xN0p",bangun infrastruktur pandemi salah harap pulih ekonomi nasional
"BEM KAMPUS PESANTREN SE KALIMANTAN DEKLARASI DUKUNG IKN NUSANTARA
#IbukotaNegara
#IKN
#SemangatNusantara https://t.co/RDCoq4Ay9D",bem kampus pesantren kalimantan deklarasi dukung ikn nusantara
"MUI BALIKPAPAN MENDUKUNG PEMINDAHAN IKN KE KALIMANTAN TIMUR
#IbukotaNegara
#IKN
#SemangatNusantara https://t.co/KQDI9fVTjr",mui balikpapan dukung pindah ikn kalimantan timur
"Pemindahan ibukota didukung oleh berbagai kalangan masyarakat karena dinilai akan memberikan dampak positif.
#IbukotaNegara
#IKN
#SemangatNusantara https://t.co/hYQBgD8nSL",pindah ibukota dukung kalang masyarakat nilai dampak positif
"BEMS Kampus Se-kalimantan dukung IKN Nusantara
#IbukotaNegara
#IKN
#SemangatNusantara https://t.co/yovro7JhM2",bems kampus kalimantan dukung ikn nusantara
"DUKUNG &amp; KAWAL IKN
#IbukotaNegara
#IKN
#SemangatNusantara https://t.co/r7pIC8e8VA",dukung amp kawal ikn
"MUI dukung IKN
#IbukotaNegara
#IKN
#SemangatNusantara https://t.co/0OjHlxvNWU",mui dukung ikn
"dukung IKN
#IbukotaNegara
#IKN
#SemangatNusantara https://t.co/C13ziSMqvn",dukung ikn
"Berbagai lapisan masyarkat kalimantan dukung penuh pemindahan Ibu Kota Negara Baru di Nusantara Kalimantan Timur /2
#IbukotaNegara
#IKN
#SemangatNusantara https://t.co/1o4o9EpxaW",lapis masyarkat kalimantan dukung penuh pindah kota negara nusantara kalimantan timur
"Berbagai lapisan masyarkat kalimantan dukung penuh pemindahan Ibu Kota Negara Baru di Nusantara Kalimantan Timur
#IbukotaNegara
#IKN
#SemangatNusantara https://t.co/YKi67IuBt2",lapis masyarkat kalimantan dukung penuh pindah kota negara nusantara kalimantan timur
"mari dukung
#IbukotaNegara
#IKN
#SemangatNusantara https://t.co/QelyvAqA4A",mari dukung
"Dukung IKN
#IbukotaNegara
#IKN
#SemangatNusantara https://t.co/Bnh10Iy32p",dukung ikn
"Dukung IKN
#IbukotaNegara
#IKN
#SemangatNusantara https://t.co/Pm6xrsIawf",dukung ikn
"BEM Kampus Pesantren se-Kalimantan Deklarasi dukung IKN Nusantara
#IbukotaNegara
#IKN
#SemangatNusantara https://t.co/dk39PM5W5b",bem kampus pesantren kalimantan deklarasi dukung ikn nusantara
"Pembangunan Infrastruktur di masa pandemi menjadi salah satu harapan pemulihan ekonomi nasional
#IbukotaNegara
#IKN
#SemangatNusantara https://t.co/SlwRyax4JP",bangun infrastruktur pandemi salah harap pulih ekonomi nasional
"BEM Kampus Pesantren se-Kalimantan Deklarasi dukung IKN Nusantara
#IbukotaNegara
#IKN
#SemangatNusantara https://t.co/w7ibTA6Iav",bem kampus pesantren kalimantan deklarasi dukung ikn nusantara
"BEM Kampus Pesantren Se-kalimantan Deklarasi Dukung IKN Nusantara
#IbukotaNegara
#IKN
#SemangatNusantara https://t.co/jmo5lTQHol",bem kampus pesantren kalimantan deklarasi dukung ikn nusantara
"BEM Kampus Pesantren se-Kalimantan Deklarasi dukung IKN Nusantara
#IbukotaNegara
#IKN
#SemangatNusantara https://t.co/iLasRG8teq",bem kampus pesantren kalimantan deklarasi dukung ikn nusantara
"MUI Balikpapan mendukung pemindahan IKN ke Kalimantan Timur 
#IbukotaNegara
#IKN
#SemangatNusantara https://t.co/IJomAFJ1xy",mui balikpapan dukung pindah ikn kalimantan timur
"MUI Balikpapan mendukung pemindahan IKN ke Kalimantan Timur 
#IbukotaNegara
#IKN
#SemangatNusantara https://t.co/s6IYg1f3M5",mui balikpapan dukung pindah ikn kalimantan timur
"BEM kampus se kalimantan deklarasi dukung IKN nusantara

#IbukotaNegara
#IKN
#SemangatNusantara https://t.co/55a7n10qPZ",bem kampus kalimantan deklarasi dukung ikn nusantara
"Sebagai rakyat Indonesia sudah sepatutnya kita dukung pembanguann IKN
#IbukotaNegara
#IKN
#SemangatNusantara",rakyat indonesia patut dukung pembanguann ikn
"Mantap langkah nyata untuk memajukan Indonesia Dukung Pembangunan IKN
#IbukotaNegara
#IKN
#SemangatNusantara https://t.co/M9oKuQ4LIS",mantap langkah nyata maju indonesia dukung bangun ikn
"Semangat membangun Indonesia kita bisa 

#IbukotaNegara
#IKN
#SemangatNusantara",semangat bangun indonesia
"Bersama sukseskan IKN Nusantara
#IbukotaNegara
#IKN
#SemangatNusantara https://t.co/1U3VyTzYGz",sukses ikn nusantara
"Dukung dan kawal IKN Nusantara
#IbukotaNegara
#IKN
#SemangatNusantara https://t.co/RuKN4om9zs",dukung kawal ikn nusantara
"BEM Kampus pesantren se Kalimantan deklarasi dukung IKN Nusantara
#IbukotaNegara
#IKN
#SemangatNusantara https://t.co/TD4WfDLffH",bem kampus pesantren kalimantan deklarasi dukung ikn nusantara
"Dukung dan kawal IKN Nusantara
#IbukotaNegara
#IKN
#SemangatNusantara https://t.co/RmqclSDIeG",dukung kawal ikn nusantara
"Dukung dan jaga proses pemindahan IKN ke Kaltim
#IbukotaNegara
#IKN
#SemangatNusantara https://t.co/jQVdVYLoBi",dukung jaga proses pindah ikn kaltim
"MUI dukung pemindahan IKN ke Kaltim
#IbukotaNegara
#IKN
#SemangatNusantara https://t.co/Gf95rIIQt7",mui dukung pindah ikn kaltim
"BEM kampus pesantrean se Kalimantan Deklarasi dukung IKN Nusantara
#IbukotaNegara
#IKN
#SemangatNusantara https://t.co/cpmymZVKYk",bem kampus pesantrean kalimantan deklarasi dukung ikn nusantara
"Dukung dan Kawal IKN Nusantara

#IbukotaNegara
#IKN
#SemangatNusantara https://t.co/oLMA2NfdtG",dukung kawal ikn nusantara
"BEM Kampus Pesantren Se Kalimantan Deklarasi Dukung IKN Nusantara
#IbukotaNegara
#IKN
#SemangatNusantara https://t.co/9s1xQ8CTiu",bem kampus pesantren kalimantan deklarasi dukung ikn nusantara
"BEM Kampus Pesantren Se-Kalimatan Deklarasi Dukung IKN Nusantara
#IbukotaNegara
#IKN
#SemangatNusantara https://t.co/E98kq72A3b",bem kampus pesantren kalimat deklarasi dukung ikn nusantara
"MUI Balikpapan Mendukung Pemindahan IKN Ke Kalimantan Timur
#IbukotaNegara
#IKN
#SemangatNusantara https://t.co/HnXiSMS0WT",mui balikpapan dukung pindah ikn kalimantan timur
"BEM Kampus Pesantren Se-Kalimantan Deklarasi Dukung IKN Nusantara 
#IbukotaNegara
#IKN
#SemangatNusantara https://t.co/dVii81STqi",bem kampus pesantren kalimantan deklarasi dukung ikn nusantara
"MUI Balikpapan Mendukung Pemindahan IKN ke Kaltim
#IbukotaNegara
#IKN
#SemangatNusantara https://t.co/7wDi9VK3fB",mui balikpapan dukung pindah ikn kaltim
"infrastruktur untuk pemulihan ekonomi
#IbukotaNegara
#IKN
#SemangatNusantara https://t.co/8KWULohAPE",infrastruktur pulih ekonomi
"mari dukung

#IbukotaNegara
#IKN
#SemangatNusantara https://t.co/EMHIzIrif3",mari dukung
"MUI Balikpapan mendukung pemindahan IKN le Kalimantan Timur üëç
#IbukotaNegara
#IKN
#SemangatNusantara https://t.co/IR8tajBbqV",mui balikpapan dukung pindah ikn le kalimantan timur
"BEM Kampus Pesantren se-Kalimantan Deklarasi Dukung IKN Nusantara

#IbukotaNegara
#IKN #SemangatNusantara https://t.co/Bxn1tOAxs8",bem kampus pesantren kalimantan deklarasi dukung ikn nusantara
"Dukung dan Kawal IKN Nusantara Kalimantan Timur

#IbukotaNegara
#IKN #SemangatNusantara https://t.co/7h2ormy55p",dukung kawal ikn nusantara kalimantan timur
"BEM Kampus Pesantren se-Kalimantan Deklarasi Dukung IKN Nusantara

#IbukotaNegara
#IKN #SemangatNusantara https://t.co/wTIEWXM6be",bem kampus pesantren kalimantan deklarasi dukung ikn nusantara
"BEM Kampus Pesantren se-Kalimantan Deklarasi Dukung IKN Nusantara

#IbukotaNegara
#IKN #SemangatNusantara https://t.co/fhWkB8M5jA",bem kampus pesantren kalimantan deklarasi dukung ikn nusantara
"BEM Kampus Pesantren se-Kalimantan Deklarasi Dukung IKN Nusantara

#IbukotaNegara
#IKN #SemangatNusantara https://t.co/DIZULaysMW",bem kampus pesantren kalimantan deklarasi dukung ikn nusantara
"BEM Kampus Pesantren se-Kalimantan Deklarasi Dukung IKN Nusantara

#IbukotaNegara
#IKN #SemangatNusantara https://t.co/gt752sRwxK",bem kampus pesantren kalimantan deklarasi dukung ikn nusantara
"MUI Balikpapan Dukung Pemindahan IKN ke Kalimantan Timur

#IbukotaNegara
#IKN #SemangatNusantara https://t.co/20OyQfl0UN",mui balikpapan dukung pindah ikn kalimantan timur
"MUI Balikpapan Dukung Pemindahan IKN ke Kalimantan Timur

#IbukotaNegara
#IKN #SemangatNusantara https://t.co/VWUYsC89C9",mui balikpapan dukung pindah ikn kalimantan timur
"MUI Balikpapan Dukung Pemindahan IKN ke Kalimantan Timur

#IbukotaNegara
#IKN #SemangatNusantara https://t.co/d9JUF61fWk",mui balikpapan dukung pindah ikn kalimantan timur
"MUI Balikpapan Dukung Pemindahan IKN ke Kalimantan Timur

#IbukotaNegara
#IKN #SemangatNusantara https://t.co/WCfsUkz7Oq",mui balikpapan dukung pindah ikn kalimantan timur
"Si Ngerik Content Creator Asal Balikpapan Dukung IKN Nusantara

#IbukotaNegara
#IKN #SemangatNusantara https://t.co/wdOxVqlgGL",si ngerik content creator balikpapan dukung ikn nusantara
"Pengurus Komando Pertahanan Adat Dayak Kalimantan (KPADK) berterimakaish kepada Pemerintah untuk pemindahan IKN ke Kaltim dan siap mendukung penuh. 

#IbukotaNegara #IKN #SemangatNusantara
@jokowi Gaspol infrastruktur https://t.co/JW80OyauJn",urus komando tahan adat dayak kalimantan kpadk berterimakaish perintah pindah ikn kaltim dukung penuh gaspol infrastruktur
"Jokowi Sebut Kepala Otorita IKN dari Non-Partai, Tiga Kandidat yang Berpeluang, Ahok Tidak Termasuk
 
#KepalaOtoritaIKN #IKN #IKNNusantara #IbuKotaNegara #PPU #PenajamPaserUtara #Kaltim #KalimantanTimur

https://t.co/zk1N9lOdUv lewat @tribunkaltim",jokowi kepala otorita ikn non partai kandidat peluang ahok
